CHEMBL66004	9833	1
CHEMBL63728	9833	1
CHEMBL63728	5290	1
CHEMBL588025	4916	1
CHEMBL588025	2263	1
CHEMBL520037	9833	1
CHEMBL513897	11200	1
CHEMBL511765	11200	1
CHEMBL506153	9833	1
CHEMBL495696	9833	1
CHEMBL495696	4916	1
CHEMBL477069	9833	1
CHEMBL477069	11200	1
CHEMBL476259	9833	1
CHEMBL476259	11200	1
CHEMBL468963	9833	1
CHEMBL458865	9833	1
CHEMBL458865	11200	1
CHEMBL450071	11200	1
CHEMBL410072	9833	1
CHEMBL409892	9833	1
CHEMBL409892	4916	1
CHEMBL409892	2263	1
CHEMBL405042	4916	1
CHEMBL396107	4916	1
CHEMBL396107	2263	1
CHEMBL373751	4916	1
CHEMBL372474	2263	1
CHEMBL361894	9833	1
CHEMBL275473	2263	1
CHEMBL273564	4916	1
CHEMBL273564	2263	1
CHEMBL272414	4916	1
CHEMBL272165	9833	1
CHEMBL272165	4916	1
CHEMBL272028	9833	1
CHEMBL271595	9833	1
CHEMBL271595	4916	1
CHEMBL271595	2263	1
CHEMBL270544	4916	1
CHEMBL269883	9833	1
CHEMBL269827	4916	1
CHEMBL261849	4916	1
CHEMBL247228	4916	1
CHEMBL222419	4916	1
CHEMBL1956068	9833	1
CHEMBL1956068	11200	1
CHEMBL191705	2263	1
CHEMBL1909396	4916	1
CHEMBL1909396	2263	1
CHEMBL1909384	9833	1
CHEMBL1909375	207	1
CHEMBL1909369	4916	1
CHEMBL1909368	4916	1
CHEMBL1909365	4916	1
CHEMBL1909363	9833	1
CHEMBL1909359	2263	1
CHEMBL1909358	2263	1
CHEMBL1909350	9833	1
CHEMBL1909350	208	1
CHEMBL1909350	207	1
CHEMBL1909349	9833	1
CHEMBL1909349	208	1
CHEMBL1909349	207	1
CHEMBL189353	4916	1
CHEMBL189231	9833	1
CHEMBL188381	4916	1
CHEMBL188381	2263	1
CHEMBL188268	9833	1
CHEMBL1882194	9833	1
CHEMBL187081	9833	1
CHEMBL185962	9833	1
CHEMBL179465	2263	1
CHEMBL1794066	9833	1
CHEMBL1794066	208	1
CHEMBL1794066	207	1
CHEMBL1794065	208	1
CHEMBL1794065	207	1
CHEMBL1794058	4916	1
CHEMBL1794057	4916	1
CHEMBL1794056	4916	1
CHEMBL1794055	9833	1
CHEMBL1794055	4916	1
CHEMBL1794055	2263	1
CHEMBL1794052	5290	1
CHEMBL1794050	5290	1
CHEMBL179311	2263	1
CHEMBL1789963	5290	1
CHEMBL176857	4916	1
CHEMBL175321	9833	1
CHEMBL175321	4916	1
CHEMBL1516890	4916	1
CHEMBL1096634	9833	1
CHEMBL1096634	208	1
CHEMBL1096634	207	1
CHEMBL1096626	208	1
CHEMBL1096626	207	1
CHEMBL1096290	208	1
CHEMBL1096290	207	1
CHEMBL95502	5600	0
CHEMBL95502	1452	0
CHEMBL95502	1432	0
CHEMBL95207	1452	0
CHEMBL95207	1432	0
CHEMBL69757	6714	0
CHEMBL69757	5159	0
CHEMBL69757	4067	0
CHEMBL69757	2932	0
CHEMBL69757	2931	0
CHEMBL69757	27	0
CHEMBL69757	25	0
CHEMBL67241	8569	0
CHEMBL67241	7525	0
CHEMBL67241	6795	0
CHEMBL67241	6790	0
CHEMBL67241	6714	0
CHEMBL67241	640	0
CHEMBL67241	5979	0
CHEMBL67241	5753	0
CHEMBL67241	5159	0
CHEMBL67241	5156	0
CHEMBL67241	4486	0
CHEMBL67241	4067	0
CHEMBL67241	3932	0
CHEMBL67241	3791	0
CHEMBL67241	2932	0
CHEMBL67241	2931	0
CHEMBL67241	2872	0
CHEMBL67241	27	0
CHEMBL67241	2534	0
CHEMBL67241	25	0
CHEMBL67241	2268	0
CHEMBL67241	1956	0
CHEMBL66292	983	0
CHEMBL66292	9448	0
CHEMBL66292	9024	0
CHEMBL66292	84446	0
CHEMBL66292	7525	0
CHEMBL66292	6714	0
CHEMBL66292	5159	0
CHEMBL66292	5156	0
CHEMBL66292	50488	0
CHEMBL66292	4067	0
CHEMBL66292	3932	0
CHEMBL66292	3815	0
CHEMBL66292	3791	0
CHEMBL66292	3055	0
CHEMBL66292	2932	0
CHEMBL66292	2931	0
CHEMBL66292	27	0
CHEMBL66292	2534	0
CHEMBL66292	25	0
CHEMBL66292	2322	0
CHEMBL66292	2268	0
CHEMBL66292	204851	0
CHEMBL66292	1956	0
CHEMBL66292	1859	0
CHEMBL66292	147746	0
CHEMBL66292	1020	0
CHEMBL66292	1017	0
CHEMBL66004	9641	0
CHEMBL66004	7525	0
CHEMBL66004	6795	0
CHEMBL66004	6790	0
CHEMBL66004	6714	0
CHEMBL66004	6446	0
CHEMBL66004	640	0
CHEMBL66004	5979	0
CHEMBL66004	5593	0
CHEMBL66004	5159	0
CHEMBL66004	5156	0
CHEMBL66004	4067	0
CHEMBL66004	3932	0
CHEMBL66004	3055	0
CHEMBL66004	27	0
CHEMBL66004	25	0
CHEMBL66004	2268	0
CHEMBL66004	2043	0
CHEMBL66004	1147	0
CHEMBL66004	1111	0
CHEMBL65884	2932	0
CHEMBL65884	2931	0
CHEMBL65884	27	0
CHEMBL65884	25	0
CHEMBL63728	7525	0
CHEMBL63728	6714	0
CHEMBL63728	5979	0
CHEMBL63728	5293	0
CHEMBL63728	5156	0
CHEMBL63728	4593	0
CHEMBL63728	4067	0
CHEMBL63728	3932	0
CHEMBL63728	3815	0
CHEMBL63728	2870	0
CHEMBL63728	27	0
CHEMBL63728	25	0
CHEMBL588025	9212	0
CHEMBL588025	8711	0
CHEMBL588025	7010	0
CHEMBL588025	6795	0
CHEMBL588025	6793	0
CHEMBL588025	6790	0
CHEMBL588025	660	0
CHEMBL588025	6300	0
CHEMBL588025	6198	0
CHEMBL588025	6196	0
CHEMBL588025	5979	0
CHEMBL588025	5871	0
CHEMBL588025	5159	0
CHEMBL588025	5156	0
CHEMBL588025	4921	0
CHEMBL588025	4915	0
CHEMBL588025	4914	0
CHEMBL588025	4593	0
CHEMBL588025	4067	0
CHEMBL588025	4058	0
CHEMBL588025	3932	0
CHEMBL588025	3815	0
CHEMBL588025	3791	0
CHEMBL588025	27	0
CHEMBL588025	25	0
CHEMBL588025	2324	0
CHEMBL588025	2322	0
CHEMBL588025	2321	0
CHEMBL588025	2185	0
CHEMBL588025	2050	0
CHEMBL588025	2049	0
CHEMBL588025	2048	0
CHEMBL588025	2043	0
CHEMBL588025	1969	0
CHEMBL588025	147746	0
CHEMBL588025	1436	0
CHEMBL581096	9448	0
CHEMBL581096	7525	0
CHEMBL581096	7294	0
CHEMBL581096	7006	0
CHEMBL581096	6795	0
CHEMBL581096	6714	0
CHEMBL581096	660	0
CHEMBL581096	640	0
CHEMBL581096	5979	0
CHEMBL581096	5753	0
CHEMBL581096	5159	0
CHEMBL581096	5156	0
CHEMBL581096	50488	0
CHEMBL581096	4921	0
CHEMBL581096	4067	0
CHEMBL581096	3932	0
CHEMBL581096	3815	0
CHEMBL581096	3791	0
CHEMBL581096	3055	0
CHEMBL581096	27	0
CHEMBL581096	2534	0
CHEMBL581096	25	0
CHEMBL581096	2444	0
CHEMBL581096	2324	0
CHEMBL581096	2321	0
CHEMBL581096	2268	0
CHEMBL581096	2066	0
CHEMBL581096	2050	0
CHEMBL581096	2049	0
CHEMBL581096	2048	0
CHEMBL581096	2043	0
CHEMBL581096	2042	0
CHEMBL581096	1969	0
CHEMBL581096	1956	0
CHEMBL581096	1445	0
CHEMBL581096	1432	0
CHEMBL531804	2066	0
CHEMBL531804	2064	0
CHEMBL531804	1956	0
CHEMBL531804	1445	0
CHEMBL529066	2066	0
CHEMBL529066	2064	0
CHEMBL529066	1956	0
CHEMBL522709	91754	0
CHEMBL522709	6793	0
CHEMBL522709	5347	0
CHEMBL521806	9024	0
CHEMBL521806	8711	0
CHEMBL521806	6793	0
CHEMBL521806	640	0
CHEMBL521806	5979	0
CHEMBL521806	5347	0
CHEMBL521806	5159	0
CHEMBL521806	5156	0
CHEMBL521806	3791	0
CHEMBL521806	29110	0
CHEMBL521806	2324	0
CHEMBL521806	120892	0
CHEMBL520037	9891	0
CHEMBL520037	91754	0
CHEMBL520037	6714	0
CHEMBL520037	5979	0
CHEMBL520037	5347	0
CHEMBL520037	29110	0
CHEMBL520037	2048	0
CHEMBL520037	2043	0
CHEMBL520037	1436	0
CHEMBL519881	9641	0
CHEMBL519881	91754	0
CHEMBL519881	29110	0
CHEMBL518968	5156	0
CHEMBL518953	6793	0
CHEMBL518953	5347	0
CHEMBL517907	6793	0
CHEMBL517907	2066	0
CHEMBL517907	1956	0
CHEMBL517666	1432	0
CHEMBL517507	1432	0
CHEMBL517171	83942	0
CHEMBL517171	4058	0
CHEMBL517171	3643	0
CHEMBL517171	3480	0
CHEMBL517171	238	0
CHEMBL517171	2185	0
CHEMBL517171	120892	0
CHEMBL517123	2066	0
CHEMBL517123	2064	0
CHEMBL517123	1956	0
CHEMBL516908	5600	0
CHEMBL516908	1432	0
CHEMBL516248	5347	0
CHEMBL514938	2066	0
CHEMBL514938	1956	0
CHEMBL514938	10000	0
CHEMBL514499	9891	0
CHEMBL514499	91754	0
CHEMBL514499	9024	0
CHEMBL514499	8711	0
CHEMBL514499	6793	0
CHEMBL514499	6789	0
CHEMBL514499	6788	0
CHEMBL514499	5979	0
CHEMBL514499	5347	0
CHEMBL514499	5159	0
CHEMBL514499	5156	0
CHEMBL514499	3791	0
CHEMBL514499	2324	0
CHEMBL514499	102724428	0
CHEMBL514261	8711	0
CHEMBL514261	83942	0
CHEMBL514261	7272	0
CHEMBL514261	6098	0
CHEMBL514261	5601	0
CHEMBL514261	4058	0
CHEMBL514261	3645	0
CHEMBL514261	3643	0
CHEMBL514261	3480	0
CHEMBL514261	238	0
CHEMBL514261	2242	0
CHEMBL514261	2241	0
CHEMBL514261	2185	0
CHEMBL514261	120892	0
CHEMBL514162	9891	0
CHEMBL514162	9448	0
CHEMBL514162	91754	0
CHEMBL514162	8711	0
CHEMBL514162	6793	0
CHEMBL514162	5979	0
CHEMBL514162	5347	0
CHEMBL514162	5159	0
CHEMBL514162	5156	0
CHEMBL514162	50488	0
CHEMBL514162	3791	0
CHEMBL514162	29110	0
CHEMBL514162	2324	0
CHEMBL514162	120892	0
CHEMBL513897	9891	0
CHEMBL513897	9448	0
CHEMBL513897	9149	0
CHEMBL513897	8711	0
CHEMBL513897	83942	0
CHEMBL513897	7272	0
CHEMBL513897	6195	0
CHEMBL513897	6098	0
CHEMBL513897	5979	0
CHEMBL513897	5601	0
CHEMBL513897	5587	0
CHEMBL513897	558	0
CHEMBL513897	53944	0
CHEMBL513897	5347	0
CHEMBL513897	50488	0
CHEMBL513897	4058	0
CHEMBL513897	3645	0
CHEMBL513897	3643	0
CHEMBL513897	3480	0
CHEMBL513897	25865	0
CHEMBL513897	238	0
CHEMBL513897	23683	0
CHEMBL513897	2242	0
CHEMBL513897	2241	0
CHEMBL513897	2185	0
CHEMBL513897	204851	0
CHEMBL513897	1956	0
CHEMBL513897	1859	0
CHEMBL513897	147746	0
CHEMBL513897	1457	0
CHEMBL513897	1456	0
CHEMBL513897	1436	0
CHEMBL513897	120892	0
CHEMBL513897	1196	0
CHEMBL513330	9149	0
CHEMBL513330	204851	0
CHEMBL513330	1859	0
CHEMBL512076	2066	0
CHEMBL512076	2064	0
CHEMBL512076	1956	0
CHEMBL511765	8711	0
CHEMBL511765	83942	0
CHEMBL511765	7272	0
CHEMBL511765	6098	0
CHEMBL511765	558	0
CHEMBL511765	5347	0
CHEMBL511765	4058	0
CHEMBL511765	3645	0
CHEMBL511765	3643	0
CHEMBL511765	3480	0
CHEMBL511765	2870	0
CHEMBL511765	238	0
CHEMBL511765	23617	0
CHEMBL511765	2242	0
CHEMBL511765	2241	0
CHEMBL511765	2185	0
CHEMBL511765	204851	0
CHEMBL511765	1956	0
CHEMBL511765	147746	0
CHEMBL511765	120892	0
CHEMBL511765	1196	0
CHEMBL507329	2066	0
CHEMBL507329	2064	0
CHEMBL507329	1956	0
CHEMBL506414	1956	0
CHEMBL506153	9578	0
CHEMBL506153	9475	0
CHEMBL506153	9252	0
CHEMBL506153	9149	0
CHEMBL506153	8986	0
CHEMBL506153	8476	0
CHEMBL506153	6198	0
CHEMBL506153	6197	0
CHEMBL506153	6196	0
CHEMBL506153	6195	0
CHEMBL506153	6093	0
CHEMBL506153	5613	0
CHEMBL506153	5593	0
CHEMBL506153	5592	0
CHEMBL506153	5583	0
CHEMBL506153	5579	0
CHEMBL506153	5578	0
CHEMBL506153	5566	0
CHEMBL506153	5292	0
CHEMBL506153	415116	0
CHEMBL506153	1859	0
CHEMBL506153	120892	0
CHEMBL506153	100533105	0
CHEMBL505915	6098	0
CHEMBL505915	4058	0
CHEMBL505915	3643	0
CHEMBL505915	3480	0
CHEMBL505915	238	0
CHEMBL505915	2242	0
CHEMBL505915	2241	0
CHEMBL505915	2185	0
CHEMBL505915	2066	0
CHEMBL505915	120892	0
CHEMBL505187	2066	0
CHEMBL495902	1432	0
CHEMBL495771	7272	0
CHEMBL495771	6795	0
CHEMBL495771	5159	0
CHEMBL495771	5156	0
CHEMBL495771	25865	0
CHEMBL495771	1196	0
CHEMBL495771	1019	0
CHEMBL495771	1017	0
CHEMBL495696	9891	0
CHEMBL495696	983	0
CHEMBL495696	9448	0
CHEMBL495696	9212	0
CHEMBL495696	9149	0
CHEMBL495696	8711	0
CHEMBL495696	8445	0
CHEMBL495696	817	0
CHEMBL495696	6850	0
CHEMBL495696	6795	0
CHEMBL495696	6790	0
CHEMBL495696	673	0
CHEMBL495696	6714	0
CHEMBL495696	6098	0
CHEMBL495696	5604	0
CHEMBL495696	5594	0
CHEMBL495696	5592	0
CHEMBL495696	5578	0
CHEMBL495696	5260	0
CHEMBL495696	5159	0
CHEMBL495696	5156	0
CHEMBL495696	50488	0
CHEMBL495696	4915	0
CHEMBL495696	4914	0
CHEMBL495696	3815	0
CHEMBL495696	2932	0
CHEMBL495696	2931	0
CHEMBL495696	25	0
CHEMBL495696	23683	0
CHEMBL495696	2322	0
CHEMBL495696	2185	0
CHEMBL495696	204851	0
CHEMBL495696	1859	0
CHEMBL495696	147746	0
CHEMBL495696	1457	0
CHEMBL495696	1452	0
CHEMBL495696	1436	0
CHEMBL495696	1198	0
CHEMBL495696	1196	0
CHEMBL495696	1021	0
CHEMBL495696	1020	0
CHEMBL495696	1019	0
CHEMBL495696	1018	0
CHEMBL495696	1017	0
CHEMBL493326	91754	0
CHEMBL493326	6793	0
CHEMBL493326	5347	0
CHEMBL486124	1021	0
CHEMBL485745	1956	0
CHEMBL485745	1452	0
CHEMBL485745	1432	0
CHEMBL485598	9475	0
CHEMBL485598	6790	0
CHEMBL485598	6093	0
CHEMBL482326	6793	0
CHEMBL481510	5347	0
CHEMBL480382	9891	0
CHEMBL480382	9448	0
CHEMBL480382	9024	0
CHEMBL480382	8711	0
CHEMBL480382	6793	0
CHEMBL480382	6789	0
CHEMBL480382	6788	0
CHEMBL480382	5979	0
CHEMBL480382	5347	0
CHEMBL480382	5159	0
CHEMBL480382	5156	0
CHEMBL480382	50488	0
CHEMBL480382	3791	0
CHEMBL480382	25	0
CHEMBL480382	147746	0
CHEMBL480382	120892	0
CHEMBL480371	5347	0
CHEMBL479079	8711	0
CHEMBL479079	7525	0
CHEMBL479079	7294	0
CHEMBL479079	7006	0
CHEMBL479079	6795	0
CHEMBL479079	6793	0
CHEMBL479079	6790	0
CHEMBL479079	6714	0
CHEMBL479079	660	0
CHEMBL479079	640	0
CHEMBL479079	6098	0
CHEMBL479079	5979	0
CHEMBL479079	5753	0
CHEMBL479079	5159	0
CHEMBL479079	5156	0
CHEMBL479079	4914	0
CHEMBL479079	4593	0
CHEMBL479079	4067	0
CHEMBL479079	3932	0
CHEMBL479079	3815	0
CHEMBL479079	3791	0
CHEMBL479079	3717	0
CHEMBL479079	3716	0
CHEMBL479079	3643	0
CHEMBL479079	3480	0
CHEMBL479079	3055	0
CHEMBL479079	27	0
CHEMBL479079	2534	0
CHEMBL479079	25	0
CHEMBL479079	2324	0
CHEMBL479079	2322	0
CHEMBL479079	2321	0
CHEMBL479079	2268	0
CHEMBL479079	2185	0
CHEMBL479079	2050	0
CHEMBL479079	2048	0
CHEMBL479079	2043	0
CHEMBL479079	1969	0
CHEMBL479079	1445	0
CHEMBL479079	1436	0
CHEMBL479079	102724428	0
CHEMBL479079	10188	0
CHEMBL477583	5600	0
CHEMBL477583	3791	0
CHEMBL477583	1432	0
CHEMBL477182	5600	0
CHEMBL477182	1432	0
CHEMBL477069	9891	0
CHEMBL477069	9475	0
CHEMBL477069	9448	0
CHEMBL477069	9149	0
CHEMBL477069	8711	0
CHEMBL477069	8445	0
CHEMBL477069	83942	0
CHEMBL477069	817	0
CHEMBL477069	7272	0
CHEMBL477069	6850	0
CHEMBL477069	6195	0
CHEMBL477069	6098	0
CHEMBL477069	6093	0
CHEMBL477069	5753	0
CHEMBL477069	57118	0
CHEMBL477069	5601	0
CHEMBL477069	5587	0
CHEMBL477069	558	0
CHEMBL477069	53944	0
CHEMBL477069	5292	0
CHEMBL477069	5261	0
CHEMBL477069	5260	0
CHEMBL477069	50488	0
CHEMBL477069	4140	0
CHEMBL477069	4139	0
CHEMBL477069	4058	0
CHEMBL477069	3645	0
CHEMBL477069	3643	0
CHEMBL477069	3480	0
CHEMBL477069	27330	0
CHEMBL477069	25865	0
CHEMBL477069	238	0
CHEMBL477069	23683	0
CHEMBL477069	23617	0
CHEMBL477069	2242	0
CHEMBL477069	2241	0
CHEMBL477069	2185	0
CHEMBL477069	2066	0
CHEMBL477069	204851	0
CHEMBL477069	1956	0
CHEMBL477069	1859	0
CHEMBL477069	147746	0
CHEMBL477069	1457	0
CHEMBL477069	1456	0
CHEMBL477069	1455	0
CHEMBL477069	1452	0
CHEMBL477069	1436	0
CHEMBL477069	120892	0
CHEMBL477069	1196	0
CHEMBL476351	5600	0
CHEMBL476351	1432	0
CHEMBL476259	9891	0
CHEMBL476259	9475	0
CHEMBL476259	9448	0
CHEMBL476259	9149	0
CHEMBL476259	8711	0
CHEMBL476259	83942	0
CHEMBL476259	817	0
CHEMBL476259	7272	0
CHEMBL476259	6850	0
CHEMBL476259	6197	0
CHEMBL476259	6196	0
CHEMBL476259	6195	0
CHEMBL476259	6098	0
CHEMBL476259	6093	0
CHEMBL476259	5979	0
CHEMBL476259	5871	0
CHEMBL476259	5753	0
CHEMBL476259	57118	0
CHEMBL476259	5601	0
CHEMBL476259	5587	0
CHEMBL476259	558	0
CHEMBL476259	53944	0
CHEMBL476259	5261	0
CHEMBL476259	5260	0
CHEMBL476259	5159	0
CHEMBL476259	50488	0
CHEMBL476259	4140	0
CHEMBL476259	4139	0
CHEMBL476259	4058	0
CHEMBL476259	3645	0
CHEMBL476259	3643	0
CHEMBL476259	3480	0
CHEMBL476259	2870	0
CHEMBL476259	27330	0
CHEMBL476259	25865	0
CHEMBL476259	238	0
CHEMBL476259	23683	0
CHEMBL476259	23617	0
CHEMBL476259	2322	0
CHEMBL476259	2242	0
CHEMBL476259	2241	0
CHEMBL476259	2185	0
CHEMBL476259	2066	0
CHEMBL476259	204851	0
CHEMBL476259	1956	0
CHEMBL476259	1859	0
CHEMBL476259	147746	0
CHEMBL476259	1457	0
CHEMBL476259	1456	0
CHEMBL476259	1455	0
CHEMBL476259	1452	0
CHEMBL476259	1436	0
CHEMBL476259	120892	0
CHEMBL476259	1196	0
CHEMBL475761	9212	0
CHEMBL475761	7525	0
CHEMBL475761	6793	0
CHEMBL475761	2066	0
CHEMBL475761	2064	0
CHEMBL475761	1956	0
CHEMBL475599	2066	0
CHEMBL475599	2064	0
CHEMBL475599	1956	0
CHEMBL473629	9024	0
CHEMBL473629	84446	0
CHEMBL473629	6793	0
CHEMBL473629	5347	0
CHEMBL473629	5156	0
CHEMBL473629	29110	0
CHEMBL473420	9212	0
CHEMBL473420	6795	0
CHEMBL473420	5979	0
CHEMBL473420	5159	0
CHEMBL473420	5156	0
CHEMBL473420	2534	0
CHEMBL473420	2324	0
CHEMBL473420	1436	0
CHEMBL471789	5347	0
CHEMBL468963	9891	0
CHEMBL468963	983	0
CHEMBL468963	9641	0
CHEMBL468963	9448	0
CHEMBL468963	9212	0
CHEMBL468963	9149	0
CHEMBL468963	8711	0
CHEMBL468963	817	0
CHEMBL468963	7525	0
CHEMBL468963	6795	0
CHEMBL468963	6790	0
CHEMBL468963	6714	0
CHEMBL468963	6098	0
CHEMBL468963	5979	0
CHEMBL468963	5871	0
CHEMBL468963	5593	0
CHEMBL468963	5588	0
CHEMBL468963	5587	0
CHEMBL468963	5583	0
CHEMBL468963	558	0
CHEMBL468963	5578	0
CHEMBL468963	53944	0
CHEMBL468963	5293	0
CHEMBL468963	5292	0
CHEMBL468963	5260	0
CHEMBL468963	5159	0
CHEMBL468963	5156	0
CHEMBL468963	50488	0
CHEMBL468963	4593	0
CHEMBL468963	415116	0
CHEMBL468963	3815	0
CHEMBL468963	3791	0
CHEMBL468963	3643	0
CHEMBL468963	3480	0
CHEMBL468963	2932	0
CHEMBL468963	2931	0
CHEMBL468963	29110	0
CHEMBL468963	27	0
CHEMBL468963	25865	0
CHEMBL468963	25	0
CHEMBL468963	238	0
CHEMBL468963	23683	0
CHEMBL468963	2322	0
CHEMBL468963	2185	0
CHEMBL468963	204851	0
CHEMBL468963	2048	0
CHEMBL468963	1859	0
CHEMBL468963	147746	0
CHEMBL468963	1456	0
CHEMBL468963	1455	0
CHEMBL468963	1452	0
CHEMBL468963	1436	0
CHEMBL468963	1196	0
CHEMBL468963	11040	0
CHEMBL468963	1021	0
CHEMBL468963	1020	0
CHEMBL468963	1019	0
CHEMBL468963	1018	0
CHEMBL468963	1017	0
CHEMBL467581	6098	0
CHEMBL467581	4058	0
CHEMBL467581	3643	0
CHEMBL467581	3480	0
CHEMBL467581	238	0
CHEMBL467581	120892	0
CHEMBL466412	2066	0
CHEMBL466412	1956	0
CHEMBL463931	9475	0
CHEMBL463931	8711	0
CHEMBL463931	83942	0
CHEMBL463931	6197	0
CHEMBL463931	6195	0
CHEMBL463931	6098	0
CHEMBL463931	6093	0
CHEMBL463931	5587	0
CHEMBL463931	558	0
CHEMBL463931	5347	0
CHEMBL463931	5292	0
CHEMBL463931	5260	0
CHEMBL463931	5159	0
CHEMBL463931	5156	0
CHEMBL463931	4593	0
CHEMBL463931	415116	0
CHEMBL463931	4058	0
CHEMBL463931	3815	0
CHEMBL463931	3645	0
CHEMBL463931	3643	0
CHEMBL463931	3480	0
CHEMBL463931	29110	0
CHEMBL463931	2870	0
CHEMBL463931	25865	0
CHEMBL463931	238	0
CHEMBL463931	23683	0
CHEMBL463931	23617	0
CHEMBL463931	2242	0
CHEMBL463931	2241	0
CHEMBL463931	2185	0
CHEMBL463931	1956	0
CHEMBL463931	1457	0
CHEMBL463931	1436	0
CHEMBL463931	131890	0
CHEMBL463931	120892	0
CHEMBL463931	1196	0
CHEMBL458865	9891	0
CHEMBL458865	9448	0
CHEMBL458865	9149	0
CHEMBL458865	8711	0
CHEMBL458865	83942	0
CHEMBL458865	817	0
CHEMBL458865	815	0
CHEMBL458865	7272	0
CHEMBL458865	6197	0
CHEMBL458865	6195	0
CHEMBL458865	6098	0
CHEMBL458865	57118	0
CHEMBL458865	5601	0
CHEMBL458865	5592	0
CHEMBL458865	5587	0
CHEMBL458865	5347	0
CHEMBL458865	5261	0
CHEMBL458865	5260	0
CHEMBL458865	50488	0
CHEMBL458865	4140	0
CHEMBL458865	4058	0
CHEMBL458865	3645	0
CHEMBL458865	3643	0
CHEMBL458865	3480	0
CHEMBL458865	27330	0
CHEMBL458865	25865	0
CHEMBL458865	238	0
CHEMBL458865	23683	0
CHEMBL458865	23617	0
CHEMBL458865	2242	0
CHEMBL458865	2241	0
CHEMBL458865	2185	0
CHEMBL458865	2066	0
CHEMBL458865	204851	0
CHEMBL458865	1956	0
CHEMBL458865	1859	0
CHEMBL458865	147746	0
CHEMBL458865	1457	0
CHEMBL458865	1456	0
CHEMBL458865	1452	0
CHEMBL458865	120892	0
CHEMBL458865	1196	0
CHEMBL458865	10188	0
CHEMBL458438	7272	0
CHEMBL458438	4058	0
CHEMBL458438	3643	0
CHEMBL458438	3480	0
CHEMBL458438	238	0
CHEMBL458438	2185	0
CHEMBL458438	120892	0
CHEMBL458415	6098	0
CHEMBL458415	4058	0
CHEMBL458415	3645	0
CHEMBL458415	3643	0
CHEMBL458415	3480	0
CHEMBL458415	238	0
CHEMBL458415	2242	0
CHEMBL458415	2241	0
CHEMBL458415	2185	0
CHEMBL458415	120892	0
CHEMBL456252	8711	0
CHEMBL456252	83942	0
CHEMBL456252	6098	0
CHEMBL456252	558	0
CHEMBL456252	5347	0
CHEMBL456252	5292	0
CHEMBL456252	4058	0
CHEMBL456252	3645	0
CHEMBL456252	3643	0
CHEMBL456252	3480	0
CHEMBL456252	2870	0
CHEMBL456252	238	0
CHEMBL456252	23683	0
CHEMBL456252	23617	0
CHEMBL456252	2242	0
CHEMBL456252	2241	0
CHEMBL456252	2185	0
CHEMBL456252	1956	0
CHEMBL456252	1436	0
CHEMBL456252	131890	0
CHEMBL456252	120892	0
CHEMBL456252	1196	0
CHEMBL450071	8711	0
CHEMBL450071	83942	0
CHEMBL450071	7272	0
CHEMBL450071	6098	0
CHEMBL450071	5601	0
CHEMBL450071	5260	0
CHEMBL450071	4058	0
CHEMBL450071	3645	0
CHEMBL450071	3643	0
CHEMBL450071	3480	0
CHEMBL450071	238	0
CHEMBL450071	23617	0
CHEMBL450071	2241	0
CHEMBL450071	2185	0
CHEMBL450071	1956	0
CHEMBL450071	147746	0
CHEMBL450071	120892	0
CHEMBL450071	1196	0
CHEMBL446024	9149	0
CHEMBL446024	1859	0
CHEMBL446024	1196	0
CHEMBL443563	9891	0
CHEMBL443563	6795	0
CHEMBL443563	6790	0
CHEMBL443563	6714	0
CHEMBL443563	5159	0
CHEMBL443563	5156	0
CHEMBL443563	3815	0
CHEMBL443563	27	0
CHEMBL443563	25	0
CHEMBL443563	2322	0
CHEMBL443563	1436	0
CHEMBL441702	9475	0
CHEMBL441702	7525	0
CHEMBL441702	6790	0
CHEMBL441702	6714	0
CHEMBL441702	640	0
CHEMBL441702	6093	0
CHEMBL441702	5979	0
CHEMBL441702	5613	0
CHEMBL441702	5593	0
CHEMBL441702	5592	0
CHEMBL441702	4486	0
CHEMBL441702	3932	0
CHEMBL434729	7525	0
CHEMBL434729	6714	0
CHEMBL434729	640	0
CHEMBL434729	5979	0
CHEMBL434729	5753	0
CHEMBL434729	5601	0
CHEMBL434729	5159	0
CHEMBL434729	5156	0
CHEMBL434729	4067	0
CHEMBL434729	3791	0
CHEMBL434729	2932	0
CHEMBL434729	2931	0
CHEMBL434729	25865	0
CHEMBL434729	2534	0
CHEMBL434729	25	0
CHEMBL434729	23683	0
CHEMBL434729	2268	0
CHEMBL434729	2185	0
CHEMBL434729	2066	0
CHEMBL434729	2048	0
CHEMBL434729	1956	0
CHEMBL434729	1452	0
CHEMBL434729	1432	0
CHEMBL428877	5600	0
CHEMBL428877	5566	0
CHEMBL428877	1432	0
CHEMBL427159	9641	0
CHEMBL427159	7525	0
CHEMBL427159	5600	0
CHEMBL427159	25	0
CHEMBL427159	2268	0
CHEMBL427159	2066	0
CHEMBL427159	1432	0
CHEMBL427058	9578	0
CHEMBL427058	9475	0
CHEMBL427058	9252	0
CHEMBL427058	8986	0
CHEMBL427058	8476	0
CHEMBL427058	6197	0
CHEMBL427058	6196	0
CHEMBL427058	6195	0
CHEMBL427058	6093	0
CHEMBL427058	5613	0
CHEMBL427058	5593	0
CHEMBL427058	5592	0
CHEMBL427058	5566	0
CHEMBL427058	5562	0
CHEMBL427058	3716	0
CHEMBL419903	9448	0
CHEMBL419903	50488	0
CHEMBL419903	25	0
CHEMBL418348	1432	0
CHEMBL417804	5600	0
CHEMBL417804	1432	0
CHEMBL410072	9891	0
CHEMBL410072	983	0
CHEMBL410072	9641	0
CHEMBL410072	9024	0
CHEMBL410072	7272	0
CHEMBL410072	6790	0
CHEMBL410072	6789	0
CHEMBL410072	6788	0
CHEMBL410072	5979	0
CHEMBL410072	5562	0
CHEMBL410072	5163	0
CHEMBL410072	5159	0
CHEMBL410072	5156	0
CHEMBL410072	4139	0
CHEMBL410072	3791	0
CHEMBL410072	2932	0
CHEMBL410072	2931	0
CHEMBL410072	29110	0
CHEMBL410072	2534	0
CHEMBL410072	1196	0
CHEMBL410072	1021	0
CHEMBL410072	1020	0
CHEMBL410072	1019	0
CHEMBL410072	1018	0
CHEMBL410072	1017	0
CHEMBL409892	9891	0
CHEMBL409892	983	0
CHEMBL409892	9641	0
CHEMBL409892	9475	0
CHEMBL409892	9448	0
CHEMBL409892	9212	0
CHEMBL409892	9149	0
CHEMBL409892	9024	0
CHEMBL409892	8986	0
CHEMBL409892	8711	0
CHEMBL409892	84446	0
CHEMBL409892	7272	0
CHEMBL409892	6795	0
CHEMBL409892	6790	0
CHEMBL409892	6789	0
CHEMBL409892	6788	0
CHEMBL409892	673	0
CHEMBL409892	6714	0
CHEMBL409892	6446	0
CHEMBL409892	640	0
CHEMBL409892	6196	0
CHEMBL409892	5979	0
CHEMBL409892	57787	0
CHEMBL409892	5604	0
CHEMBL409892	5594	0
CHEMBL409892	5587	0
CHEMBL409892	5563	0
CHEMBL409892	5562	0
CHEMBL409892	51765	0
CHEMBL409892	5163	0
CHEMBL409892	5159	0
CHEMBL409892	5156	0
CHEMBL409892	50488	0
CHEMBL409892	4915	0
CHEMBL409892	4914	0
CHEMBL409892	4139	0
CHEMBL409892	3815	0
CHEMBL409892	3791	0
CHEMBL409892	3718	0
CHEMBL409892	3055	0
CHEMBL409892	2932	0
CHEMBL409892	2931	0
CHEMBL409892	29110	0
CHEMBL409892	27330	0
CHEMBL409892	25865	0
CHEMBL409892	25	0
CHEMBL409892	23683	0
CHEMBL409892	2324	0
CHEMBL409892	2322	0
CHEMBL409892	2321	0
CHEMBL409892	2261	0
CHEMBL409892	204851	0
CHEMBL409892	1859	0
CHEMBL409892	1612	0
CHEMBL409892	1436	0
CHEMBL409892	120892	0
CHEMBL409892	1196	0
CHEMBL409892	1021	0
CHEMBL409892	1020	0
CHEMBL409892	1019	0
CHEMBL409892	1018	0
CHEMBL409892	1017	0
CHEMBL408564	2932	0
CHEMBL408564	2931	0
CHEMBL408564	1147	0
CHEMBL407113	9024	0
CHEMBL405042	9448	0
CHEMBL405042	6795	0
CHEMBL405042	6789	0
CHEMBL405042	5979	0
CHEMBL405042	5156	0
CHEMBL405042	50488	0
CHEMBL405042	4915	0
CHEMBL405042	3815	0
CHEMBL405042	2322	0
CHEMBL405042	1436	0
CHEMBL405042	1021	0
CHEMBL405042	1018	0
CHEMBL405042	1017	0
CHEMBL405021	9448	0
CHEMBL405021	50488	0
CHEMBL405021	25	0
CHEMBL402108	1432	0
CHEMBL399410	7010	0
CHEMBL399410	6793	0
CHEMBL396107	9475	0
CHEMBL396107	7010	0
CHEMBL396107	6795	0
CHEMBL396107	6198	0
CHEMBL396107	5979	0
CHEMBL396107	5159	0
CHEMBL396107	5156	0
CHEMBL396107	4921	0
CHEMBL396107	4915	0
CHEMBL396107	4914	0
CHEMBL396107	4593	0
CHEMBL396107	3815	0
CHEMBL396107	3791	0
CHEMBL396107	25	0
CHEMBL396107	2324	0
CHEMBL396107	2322	0
CHEMBL396107	2321	0
CHEMBL396107	2261	0
CHEMBL396107	2048	0
CHEMBL396107	147746	0
CHEMBL396107	1436	0
CHEMBL384407	2066	0
CHEMBL384407	2064	0
CHEMBL384407	1956	0
CHEMBL384073	9475	0
CHEMBL384073	6790	0
CHEMBL384073	6093	0
CHEMBL384073	5613	0
CHEMBL384073	3716	0
CHEMBL384073	2872	0
CHEMBL381948	9448	0
CHEMBL381604	1956	0
CHEMBL379093	1956	0
CHEMBL374453	9475	0
CHEMBL374453	6790	0
CHEMBL374453	6093	0
CHEMBL374453	5613	0
CHEMBL374060	9641	0
CHEMBL374060	6714	0
CHEMBL374060	5753	0
CHEMBL374060	5156	0
CHEMBL374060	4067	0
CHEMBL374060	3815	0
CHEMBL374060	3055	0
CHEMBL374060	25	0
CHEMBL374060	2050	0
CHEMBL374060	2048	0
CHEMBL374060	2043	0
CHEMBL374060	1969	0
CHEMBL374060	102724428	0
CHEMBL373751	9891	0
CHEMBL373751	9641	0
CHEMBL373751	9448	0
CHEMBL373751	9212	0
CHEMBL373751	9024	0
CHEMBL373751	8711	0
CHEMBL373751	84446	0
CHEMBL373751	83942	0
CHEMBL373751	817	0
CHEMBL373751	6795	0
CHEMBL373751	6793	0
CHEMBL373751	6790	0
CHEMBL373751	6789	0
CHEMBL373751	6788	0
CHEMBL373751	6714	0
CHEMBL373751	640	0
CHEMBL373751	6098	0
CHEMBL373751	5979	0
CHEMBL373751	57787	0
CHEMBL373751	5562	0
CHEMBL373751	5260	0
CHEMBL373751	5159	0
CHEMBL373751	5156	0
CHEMBL373751	50488	0
CHEMBL373751	4915	0
CHEMBL373751	4593	0
CHEMBL373751	4140	0
CHEMBL373751	4139	0
CHEMBL373751	4067	0
CHEMBL373751	3932	0
CHEMBL373751	3791	0
CHEMBL373751	3718	0
CHEMBL373751	3055	0
CHEMBL373751	29110	0
CHEMBL373751	2872	0
CHEMBL373751	2534	0
CHEMBL373751	2324	0
CHEMBL373751	23235	0
CHEMBL373751	2268	0
CHEMBL373751	2043	0
CHEMBL373751	2011	0
CHEMBL373751	1956	0
CHEMBL373751	147746	0
CHEMBL373751	120892	0
CHEMBL373751	10461	0
CHEMBL373751	102724428	0
CHEMBL372474	8711	0
CHEMBL372474	7525	0
CHEMBL372474	6714	0
CHEMBL372474	640	0
CHEMBL372474	6098	0
CHEMBL372474	5979	0
CHEMBL372474	5159	0
CHEMBL372474	5156	0
CHEMBL372474	4067	0
CHEMBL372474	3932	0
CHEMBL372474	3815	0
CHEMBL372474	3791	0
CHEMBL372474	3055	0
CHEMBL372474	27	0
CHEMBL372474	2534	0
CHEMBL372474	25	0
CHEMBL372474	2324	0
CHEMBL372474	2321	0
CHEMBL372474	2268	0
CHEMBL372474	2261	0
CHEMBL372474	1956	0
CHEMBL365663	9448	0
CHEMBL365663	3791	0
CHEMBL365663	1432	0
CHEMBL365297	9448	0
CHEMBL365297	7525	0
CHEMBL365297	6714	0
CHEMBL365297	640	0
CHEMBL365297	5979	0
CHEMBL365297	5753	0
CHEMBL365297	5601	0
CHEMBL365297	5600	0
CHEMBL365297	53944	0
CHEMBL365297	5159	0
CHEMBL365297	5156	0
CHEMBL365297	50488	0
CHEMBL365297	4921	0
CHEMBL365297	4067	0
CHEMBL365297	3932	0
CHEMBL365297	3815	0
CHEMBL365297	3791	0
CHEMBL365297	3055	0
CHEMBL365297	2932	0
CHEMBL365297	2931	0
CHEMBL365297	27	0
CHEMBL365297	25865	0
CHEMBL365297	2534	0
CHEMBL365297	25	0
CHEMBL365297	2268	0
CHEMBL365297	2066	0
CHEMBL365297	2050	0
CHEMBL365297	2048	0
CHEMBL365297	2043	0
CHEMBL365297	1956	0
CHEMBL365297	1456	0
CHEMBL365297	1455	0
CHEMBL365297	1452	0
CHEMBL365297	1436	0
CHEMBL365297	1432	0
CHEMBL365286	9252	0
CHEMBL365286	6198	0
CHEMBL365286	6196	0
CHEMBL365286	6195	0
CHEMBL365286	5593	0
CHEMBL365286	5583	0
CHEMBL365248	9149	0
CHEMBL365248	6795	0
CHEMBL365248	2932	0
CHEMBL365248	2931	0
CHEMBL365248	2185	0
CHEMBL365248	204851	0
CHEMBL365248	1859	0
CHEMBL365248	147746	0
CHEMBL365248	1198	0
CHEMBL365248	1196	0
CHEMBL365248	1017	0
CHEMBL362155	9448	0
CHEMBL362155	7525	0
CHEMBL362155	5600	0
CHEMBL362155	50488	0
CHEMBL362155	25	0
CHEMBL362155	2268	0
CHEMBL362155	2066	0
CHEMBL362155	1956	0
CHEMBL362155	1432	0
CHEMBL361894	9891	0
CHEMBL361894	983	0
CHEMBL361894	9448	0
CHEMBL361894	9212	0
CHEMBL361894	9149	0
CHEMBL361894	8711	0
CHEMBL361894	8445	0
CHEMBL361894	6795	0
CHEMBL361894	6790	0
CHEMBL361894	6098	0
CHEMBL361894	5871	0
CHEMBL361894	5601	0
CHEMBL361894	5159	0
CHEMBL361894	5156	0
CHEMBL361894	3815	0
CHEMBL361894	3643	0
CHEMBL361894	3480	0
CHEMBL361894	2932	0
CHEMBL361894	2931	0
CHEMBL361894	23683	0
CHEMBL361894	2322	0
CHEMBL361894	2185	0
CHEMBL361894	204851	0
CHEMBL361894	1859	0
CHEMBL361894	147746	0
CHEMBL361894	1436	0
CHEMBL361894	120892	0
CHEMBL361894	1198	0
CHEMBL361894	1196	0
CHEMBL361894	1147	0
CHEMBL361894	1021	0
CHEMBL361894	1020	0
CHEMBL361894	1019	0
CHEMBL361894	1018	0
CHEMBL361894	1017	0
CHEMBL361237	9448	0
CHEMBL361237	5156	0
CHEMBL361237	3791	0
CHEMBL361237	25865	0
CHEMBL361237	1956	0
CHEMBL361237	1432	0
CHEMBL359999	9891	0
CHEMBL359999	983	0
CHEMBL359999	9448	0
CHEMBL359999	9212	0
CHEMBL359999	91754	0
CHEMBL359999	9149	0
CHEMBL359999	8711	0
CHEMBL359999	6850	0
CHEMBL359999	6795	0
CHEMBL359999	6790	0
CHEMBL359999	6714	0
CHEMBL359999	6098	0
CHEMBL359999	5871	0
CHEMBL359999	5592	0
CHEMBL359999	5578	0
CHEMBL359999	5159	0
CHEMBL359999	5156	0
CHEMBL359999	50488	0
CHEMBL359999	3815	0
CHEMBL359999	3791	0
CHEMBL359999	3718	0
CHEMBL359999	3643	0
CHEMBL359999	3480	0
CHEMBL359999	2932	0
CHEMBL359999	2931	0
CHEMBL359999	27	0
CHEMBL359999	25	0
CHEMBL359999	2322	0
CHEMBL359999	2242	0
CHEMBL359999	2241	0
CHEMBL359999	2185	0
CHEMBL359999	204851	0
CHEMBL359999	1859	0
CHEMBL359999	147746	0
CHEMBL359999	1436	0
CHEMBL359999	120892	0
CHEMBL359999	1198	0
CHEMBL359999	1196	0
CHEMBL359999	1147	0
CHEMBL359999	1021	0
CHEMBL359999	1020	0
CHEMBL359999	1019	0
CHEMBL359999	1018	0
CHEMBL359999	1017	0
CHEMBL359963	983	0
CHEMBL359963	9149	0
CHEMBL359963	6795	0
CHEMBL359963	6790	0
CHEMBL359963	6098	0
CHEMBL359963	5156	0
CHEMBL359963	3815	0
CHEMBL359963	3480	0
CHEMBL359963	2932	0
CHEMBL359963	2931	0
CHEMBL359963	2322	0
CHEMBL359963	204851	0
CHEMBL359963	1859	0
CHEMBL359963	147746	0
CHEMBL359963	1436	0
CHEMBL359963	1196	0
CHEMBL359963	1147	0
CHEMBL359963	1020	0
CHEMBL359963	1017	0
CHEMBL352222	9641	0
CHEMBL352222	6789	0
CHEMBL352222	6788	0
CHEMBL352222	2932	0
CHEMBL352222	2931	0
CHEMBL352222	29110	0
CHEMBL346551	2931	0
CHEMBL330422	5600	0
CHEMBL330422	1452	0
CHEMBL330422	1432	0
CHEMBL318892	5601	0
CHEMBL318892	5600	0
CHEMBL318892	5579	0
CHEMBL318892	5578	0
CHEMBL318892	1956	0
CHEMBL318892	1456	0
CHEMBL318892	1452	0
CHEMBL318892	1432	0
CHEMBL318728	3815	0
CHEMBL318728	2322	0
CHEMBL306865	9891	0
CHEMBL306865	983	0
CHEMBL306865	9448	0
CHEMBL306865	9149	0
CHEMBL306865	9024	0
CHEMBL306865	8711	0
CHEMBL306865	8569	0
CHEMBL306865	8445	0
CHEMBL306865	84446	0
CHEMBL306865	7525	0
CHEMBL306865	6795	0
CHEMBL306865	6790	0
CHEMBL306865	6714	0
CHEMBL306865	640	0
CHEMBL306865	6098	0
CHEMBL306865	5979	0
CHEMBL306865	5159	0
CHEMBL306865	5156	0
CHEMBL306865	50488	0
CHEMBL306865	4486	0
CHEMBL306865	4067	0
CHEMBL306865	3932	0
CHEMBL306865	3815	0
CHEMBL306865	3791	0
CHEMBL306865	3055	0
CHEMBL306865	2932	0
CHEMBL306865	2931	0
CHEMBL306865	2872	0
CHEMBL306865	27	0
CHEMBL306865	2534	0
CHEMBL306865	25	0
CHEMBL306865	23235	0
CHEMBL306865	2322	0
CHEMBL306865	2268	0
CHEMBL306865	204851	0
CHEMBL306865	1956	0
CHEMBL306865	1859	0
CHEMBL306865	147746	0
CHEMBL306865	1457	0
CHEMBL306865	1021	0
CHEMBL306865	1020	0
CHEMBL306865	1019	0
CHEMBL306865	1017	0
CHEMBL305477	2932	0
CHEMBL305477	2931	0
CHEMBL305477	25	0
CHEMBL30432	2066	0
CHEMBL30432	2064	0
CHEMBL30432	1956	0
CHEMBL303687	3643	0
CHEMBL303687	2931	0
CHEMBL303687	25	0
CHEMBL275798	5600	0
CHEMBL275798	1432	0
CHEMBL275724	1432	0
CHEMBL275666	1432	0
CHEMBL275473	8711	0
CHEMBL275473	7525	0
CHEMBL275473	6714	0
CHEMBL275473	5159	0
CHEMBL275473	5156	0
CHEMBL275473	3815	0
CHEMBL275473	3791	0
CHEMBL275473	2324	0
CHEMBL275473	2322	0
CHEMBL275473	2261	0
CHEMBL275473	1436	0
CHEMBL275200	5600	0
CHEMBL275200	1432	0
CHEMBL275168	1432	0
CHEMBL274863	1432	0
CHEMBL273611	5600	0
CHEMBL273611	1432	0
CHEMBL273564	9212	0
CHEMBL273564	8711	0
CHEMBL273564	7010	0
CHEMBL273564	6795	0
CHEMBL273564	6793	0
CHEMBL273564	6790	0
CHEMBL273564	6714	0
CHEMBL273564	660	0
CHEMBL273564	6198	0
CHEMBL273564	6196	0
CHEMBL273564	5979	0
CHEMBL273564	5871	0
CHEMBL273564	5159	0
CHEMBL273564	5156	0
CHEMBL273564	4921	0
CHEMBL273564	4915	0
CHEMBL273564	4914	0
CHEMBL273564	4593	0
CHEMBL273564	4067	0
CHEMBL273564	3815	0
CHEMBL273564	3791	0
CHEMBL273564	2872	0
CHEMBL273564	27	0
CHEMBL273564	26576	0
CHEMBL273564	25	0
CHEMBL273564	2324	0
CHEMBL273564	2322	0
CHEMBL273564	2321	0
CHEMBL273564	2050	0
CHEMBL273564	2049	0
CHEMBL273564	2048	0
CHEMBL273564	2043	0
CHEMBL273564	2042	0
CHEMBL273564	1969	0
CHEMBL273564	147746	0
CHEMBL273564	1436	0
CHEMBL273564	120892	0
CHEMBL272414	9891	0
CHEMBL272414	9448	0
CHEMBL272414	9024	0
CHEMBL272414	6790	0
CHEMBL272414	6789	0
CHEMBL272414	6788	0
CHEMBL272414	5979	0
CHEMBL272414	5159	0
CHEMBL272414	5156	0
CHEMBL272414	50488	0
CHEMBL272414	4915	0
CHEMBL272414	3791	0
CHEMBL272414	29110	0
CHEMBL272414	2324	0
CHEMBL272414	1020	0
CHEMBL272414	1017	0
CHEMBL272165	9891	0
CHEMBL272165	983	0
CHEMBL272165	9641	0
CHEMBL272165	9024	0
CHEMBL272165	7272	0
CHEMBL272165	6790	0
CHEMBL272165	6789	0
CHEMBL272165	6788	0
CHEMBL272165	673	0
CHEMBL272165	5979	0
CHEMBL272165	5604	0
CHEMBL272165	5594	0
CHEMBL272165	5562	0
CHEMBL272165	5163	0
CHEMBL272165	5159	0
CHEMBL272165	5156	0
CHEMBL272165	4915	0
CHEMBL272165	2932	0
CHEMBL272165	2931	0
CHEMBL272165	29110	0
CHEMBL272165	2534	0
CHEMBL272165	1021	0
CHEMBL272165	1020	0
CHEMBL272165	1019	0
CHEMBL272165	1018	0
CHEMBL272165	1017	0
CHEMBL272028	9891	0
CHEMBL272028	983	0
CHEMBL272028	9024	0
CHEMBL272028	84446	0
CHEMBL272028	7272	0
CHEMBL272028	6789	0
CHEMBL272028	6788	0
CHEMBL272028	5979	0
CHEMBL272028	57787	0
CHEMBL272028	5593	0
CHEMBL272028	5592	0
CHEMBL272028	5563	0
CHEMBL272028	5562	0
CHEMBL272028	5292	0
CHEMBL272028	5260	0
CHEMBL272028	5163	0
CHEMBL272028	5159	0
CHEMBL272028	5156	0
CHEMBL272028	4139	0
CHEMBL272028	2932	0
CHEMBL272028	2931	0
CHEMBL272028	1196	0
CHEMBL272028	1021	0
CHEMBL272028	1020	0
CHEMBL272028	1019	0
CHEMBL272028	1018	0
CHEMBL272028	1017	0
CHEMBL272026	9891	0
CHEMBL272026	983	0
CHEMBL272026	9448	0
CHEMBL272026	7272	0
CHEMBL272026	6789	0
CHEMBL272026	6788	0
CHEMBL272026	5979	0
CHEMBL272026	5562	0
CHEMBL272026	5159	0
CHEMBL272026	5156	0
CHEMBL272026	2932	0
CHEMBL272026	2931	0
CHEMBL272026	1196	0
CHEMBL272026	1021	0
CHEMBL272026	1020	0
CHEMBL272026	1019	0
CHEMBL272026	1018	0
CHEMBL272026	1017	0
CHEMBL271843	9891	0
CHEMBL271843	9448	0
CHEMBL271843	6789	0
CHEMBL271843	6788	0
CHEMBL271843	5156	0
CHEMBL271843	50488	0
CHEMBL271843	3815	0
CHEMBL271843	2322	0
CHEMBL271843	1018	0
CHEMBL271843	1017	0
CHEMBL271595	9891	0
CHEMBL271595	983	0
CHEMBL271595	9448	0
CHEMBL271595	9212	0
CHEMBL271595	9024	0
CHEMBL271595	8986	0
CHEMBL271595	84446	0
CHEMBL271595	7272	0
CHEMBL271595	6795	0
CHEMBL271595	6790	0
CHEMBL271595	6789	0
CHEMBL271595	6788	0
CHEMBL271595	6196	0
CHEMBL271595	5979	0
CHEMBL271595	5871	0
CHEMBL271595	5587	0
CHEMBL271595	5562	0
CHEMBL271595	51765	0
CHEMBL271595	5163	0
CHEMBL271595	5159	0
CHEMBL271595	5156	0
CHEMBL271595	50488	0
CHEMBL271595	4915	0
CHEMBL271595	4914	0
CHEMBL271595	4593	0
CHEMBL271595	4139	0
CHEMBL271595	3815	0
CHEMBL271595	3791	0
CHEMBL271595	3718	0
CHEMBL271595	2932	0
CHEMBL271595	2931	0
CHEMBL271595	29110	0
CHEMBL271595	27330	0
CHEMBL271595	25865	0
CHEMBL271595	23683	0
CHEMBL271595	2324	0
CHEMBL271595	2322	0
CHEMBL271595	2321	0
CHEMBL271595	2261	0
CHEMBL271595	1859	0
CHEMBL271595	1436	0
CHEMBL271595	120892	0
CHEMBL271595	1196	0
CHEMBL271595	1021	0
CHEMBL271595	1020	0
CHEMBL271595	1019	0
CHEMBL271595	1018	0
CHEMBL271595	1017	0
CHEMBL271594	9448	0
CHEMBL271594	5156	0
CHEMBL270544	9891	0
CHEMBL270544	983	0
CHEMBL270544	9024	0
CHEMBL270544	8711	0
CHEMBL270544	7272	0
CHEMBL270544	6795	0
CHEMBL270544	6790	0
CHEMBL270544	6789	0
CHEMBL270544	6788	0
CHEMBL270544	5979	0
CHEMBL270544	5562	0
CHEMBL270544	5163	0
CHEMBL270544	5159	0
CHEMBL270544	5156	0
CHEMBL270544	4915	0
CHEMBL270544	4914	0
CHEMBL270544	3815	0
CHEMBL270544	3718	0
CHEMBL270544	2931	0
CHEMBL270544	2322	0
CHEMBL270544	1436	0
CHEMBL270544	120892	0
CHEMBL270544	1021	0
CHEMBL270544	1020	0
CHEMBL270544	1019	0
CHEMBL270544	1018	0
CHEMBL270544	1017	0
CHEMBL270054	9448	0
CHEMBL270054	6789	0
CHEMBL270054	6788	0
CHEMBL270054	5156	0
CHEMBL270054	50488	0
CHEMBL270054	3815	0
CHEMBL270054	2932	0
CHEMBL270054	2931	0
CHEMBL270054	2322	0
CHEMBL270054	1021	0
CHEMBL270054	1020	0
CHEMBL270054	1018	0
CHEMBL270054	1017	0
CHEMBL269985	1432	0
CHEMBL269883	9891	0
CHEMBL269883	983	0
CHEMBL269883	9641	0
CHEMBL269883	9448	0
CHEMBL269883	9149	0
CHEMBL269883	9024	0
CHEMBL269883	83942	0
CHEMBL269883	7272	0
CHEMBL269883	6795	0
CHEMBL269883	6790	0
CHEMBL269883	6789	0
CHEMBL269883	6788	0
CHEMBL269883	5979	0
CHEMBL269883	57787	0
CHEMBL269883	5593	0
CHEMBL269883	5587	0
CHEMBL269883	5562	0
CHEMBL269883	5260	0
CHEMBL269883	5163	0
CHEMBL269883	5159	0
CHEMBL269883	5156	0
CHEMBL269883	50488	0
CHEMBL269883	4593	0
CHEMBL269883	4140	0
CHEMBL269883	4139	0
CHEMBL269883	3791	0
CHEMBL269883	2932	0
CHEMBL269883	2931	0
CHEMBL269883	29110	0
CHEMBL269883	25865	0
CHEMBL269883	2534	0
CHEMBL269883	2324	0
CHEMBL269883	2322	0
CHEMBL269883	2011	0
CHEMBL269883	1859	0
CHEMBL269883	120892	0
CHEMBL269883	1196	0
CHEMBL269883	102724428	0
CHEMBL269883	1021	0
CHEMBL269883	1020	0
CHEMBL269883	1019	0
CHEMBL269883	1018	0
CHEMBL269883	1017	0
CHEMBL269827	983	0
CHEMBL269827	9475	0
CHEMBL269827	9448	0
CHEMBL269827	8445	0
CHEMBL269827	7272	0
CHEMBL269827	6789	0
CHEMBL269827	6788	0
CHEMBL269827	5979	0
CHEMBL269827	5159	0
CHEMBL269827	50488	0
CHEMBL269827	2932	0
CHEMBL269827	2931	0
CHEMBL269827	29110	0
CHEMBL269827	2322	0
CHEMBL269827	1859	0
CHEMBL269827	120892	0
CHEMBL269827	1021	0
CHEMBL269827	1020	0
CHEMBL269827	1018	0
CHEMBL269827	1017	0
CHEMBL269450	1432	0
CHEMBL263796	5753	0
CHEMBL263796	25	0
CHEMBL263796	2050	0
CHEMBL263796	1147	0
CHEMBL263796	102724428	0
CHEMBL261849	4915	0
CHEMBL261849	1436	0
CHEMBL261440	9448	0
CHEMBL261440	25	0
CHEMBL261129	9149	0
CHEMBL261129	8569	0
CHEMBL261129	4058	0
CHEMBL261129	2932	0
CHEMBL261129	2931	0
CHEMBL261129	1021	0
CHEMBL261129	1019	0
CHEMBL261129	1018	0
CHEMBL261129	1017	0
CHEMBL260417	983	0
CHEMBL260417	9448	0
CHEMBL260417	9149	0
CHEMBL260417	9024	0
CHEMBL260417	8569	0
CHEMBL260417	8445	0
CHEMBL260417	84446	0
CHEMBL260417	6793	0
CHEMBL260417	6196	0
CHEMBL260417	5579	0
CHEMBL260417	5292	0
CHEMBL260417	5156	0
CHEMBL260417	50488	0
CHEMBL260417	415116	0
CHEMBL260417	4058	0
CHEMBL260417	3815	0
CHEMBL260417	3791	0
CHEMBL260417	3718	0
CHEMBL260417	3716	0
CHEMBL260417	2932	0
CHEMBL260417	2931	0
CHEMBL260417	27330	0
CHEMBL260417	25	0
CHEMBL260417	238	0
CHEMBL260417	2324	0
CHEMBL260417	204851	0
CHEMBL260417	1859	0
CHEMBL260417	11040	0
CHEMBL260417	1021	0
CHEMBL260417	1020	0
CHEMBL260417	1019	0
CHEMBL260417	1018	0
CHEMBL260417	1017	0
CHEMBL251549	9891	0
CHEMBL251549	9212	0
CHEMBL251549	8711	0
CHEMBL251549	7525	0
CHEMBL251549	7301	0
CHEMBL251549	7294	0
CHEMBL251549	7006	0
CHEMBL251549	6795	0
CHEMBL251549	6790	0
CHEMBL251549	6714	0
CHEMBL251549	660	0
CHEMBL251549	640	0
CHEMBL251549	6098	0
CHEMBL251549	5979	0
CHEMBL251549	5753	0
CHEMBL251549	5159	0
CHEMBL251549	5156	0
CHEMBL251549	4921	0
CHEMBL251549	4067	0
CHEMBL251549	3932	0
CHEMBL251549	3815	0
CHEMBL251549	3791	0
CHEMBL251549	3717	0
CHEMBL251549	3055	0
CHEMBL251549	27	0
CHEMBL251549	2534	0
CHEMBL251549	25	0
CHEMBL251549	2444	0
CHEMBL251549	2268	0
CHEMBL251549	2185	0
CHEMBL251549	2050	0
CHEMBL251549	2048	0
CHEMBL251549	2043	0
CHEMBL251549	2042	0
CHEMBL251549	1969	0
CHEMBL251549	1956	0
CHEMBL251549	102724428	0
CHEMBL251549	1017	0
CHEMBL247228	9212	0
CHEMBL247228	7010	0
CHEMBL247228	6795	0
CHEMBL247228	6793	0
CHEMBL247228	660	0
CHEMBL247228	6198	0
CHEMBL247228	5979	0
CHEMBL247228	5871	0
CHEMBL247228	5159	0
CHEMBL247228	5156	0
CHEMBL247228	4921	0
CHEMBL247228	4915	0
CHEMBL247228	4914	0
CHEMBL247228	4593	0
CHEMBL247228	4067	0
CHEMBL247228	3815	0
CHEMBL247228	3791	0
CHEMBL247228	27	0
CHEMBL247228	25	0
CHEMBL247228	2324	0
CHEMBL247228	2322	0
CHEMBL247228	2321	0
CHEMBL247228	2050	0
CHEMBL247228	2049	0
CHEMBL247228	2048	0
CHEMBL247228	2043	0
CHEMBL247228	1969	0
CHEMBL247228	147746	0
CHEMBL247228	1436	0
CHEMBL243907	7010	0
CHEMBL243907	6793	0
CHEMBL243907	5979	0
CHEMBL243907	5159	0
CHEMBL243907	5156	0
CHEMBL243907	4921	0
CHEMBL243907	3815	0
CHEMBL243907	3791	0
CHEMBL243907	25	0
CHEMBL243907	2048	0
CHEMBL243907	2043	0
CHEMBL243907	1969	0
CHEMBL243907	1436	0
CHEMBL241517	9448	0
CHEMBL241517	7525	0
CHEMBL241517	7294	0
CHEMBL241517	7006	0
CHEMBL241517	6714	0
CHEMBL241517	660	0
CHEMBL241517	5979	0
CHEMBL241517	5600	0
CHEMBL241517	5159	0
CHEMBL241517	5156	0
CHEMBL241517	50488	0
CHEMBL241517	4067	0
CHEMBL241517	4058	0
CHEMBL241517	3932	0
CHEMBL241517	3815	0
CHEMBL241517	3055	0
CHEMBL241517	27	0
CHEMBL241517	25	0
CHEMBL241517	2050	0
CHEMBL241517	2048	0
CHEMBL241517	2043	0
CHEMBL241517	2042	0
CHEMBL241517	1969	0
CHEMBL241517	1445	0
CHEMBL241517	1432	0
CHEMBL241517	120892	0
CHEMBL241517	102724428	0
CHEMBL237571	7010	0
CHEMBL237571	6793	0
CHEMBL237571	5753	0
CHEMBL237570	7010	0
CHEMBL237570	6793	0
CHEMBL237570	5753	0
CHEMBL237570	25	0
CHEMBL237347	7525	0
CHEMBL237347	7294	0
CHEMBL237347	7010	0
CHEMBL237347	7006	0
CHEMBL237347	695	0
CHEMBL237347	6725	0
CHEMBL237347	6714	0
CHEMBL237347	660	0
CHEMBL237347	640	0
CHEMBL237347	5979	0
CHEMBL237347	5753	0
CHEMBL237347	5293	0
CHEMBL237347	5159	0
CHEMBL237347	5156	0
CHEMBL237347	4921	0
CHEMBL237347	4067	0
CHEMBL237347	3932	0
CHEMBL237347	3815	0
CHEMBL237347	3791	0
CHEMBL237347	3055	0
CHEMBL237347	2534	0
CHEMBL237347	25	0
CHEMBL237347	2444	0
CHEMBL237347	2324	0
CHEMBL237347	23235	0
CHEMBL237347	2321	0
CHEMBL237347	2268	0
CHEMBL237347	2066	0
CHEMBL237347	2050	0
CHEMBL237347	2049	0
CHEMBL237347	2048	0
CHEMBL237347	2043	0
CHEMBL237347	2042	0
CHEMBL237347	1969	0
CHEMBL237347	1956	0
CHEMBL237347	1445	0
CHEMBL237347	1432	0
CHEMBL237347	102724428	0
CHEMBL237347	10188	0
CHEMBL230911	7294	0
CHEMBL230911	7006	0
CHEMBL230911	6714	0
CHEMBL230911	3815	0
CHEMBL230911	27	0
CHEMBL230911	2048	0
CHEMBL230911	2043	0
CHEMBL230911	1969	0
CHEMBL230911	1436	0
CHEMBL222419	9891	0
CHEMBL222419	91754	0
CHEMBL222419	9024	0
CHEMBL222419	8711	0
CHEMBL222419	84446	0
CHEMBL222419	6795	0
CHEMBL222419	6793	0
CHEMBL222419	6789	0
CHEMBL222419	6788	0
CHEMBL222419	5979	0
CHEMBL222419	5347	0
CHEMBL222419	5293	0
CHEMBL222419	5159	0
CHEMBL222419	5156	0
CHEMBL222419	4750	0
CHEMBL222419	4593	0
CHEMBL222419	3791	0
CHEMBL222419	3055	0
CHEMBL222419	25	0
CHEMBL222419	2324	0
CHEMBL222419	120892	0
CHEMBL222419	102724428	0
CHEMBL220465	9578	0
CHEMBL220465	9475	0
CHEMBL220465	9252	0
CHEMBL220465	8986	0
CHEMBL220465	8476	0
CHEMBL220465	83942	0
CHEMBL220465	6790	0
CHEMBL220465	6198	0
CHEMBL220465	6197	0
CHEMBL220465	6196	0
CHEMBL220465	6195	0
CHEMBL220465	6093	0
CHEMBL220465	5613	0
CHEMBL220465	5593	0
CHEMBL220465	5592	0
CHEMBL220465	5583	0
CHEMBL220465	5579	0
CHEMBL220465	5566	0
CHEMBL220465	10110	0
CHEMBL220465	100533105	0
CHEMBL220243	5753	0
CHEMBL220243	5156	0
CHEMBL220243	3815	0
CHEMBL220243	27	0
CHEMBL220243	25	0
CHEMBL220243	2048	0
CHEMBL220243	2043	0
CHEMBL220243	102724428	0
CHEMBL218932	5753	0
CHEMBL218932	5156	0
CHEMBL218932	4067	0
CHEMBL218932	3815	0
CHEMBL218932	3055	0
CHEMBL218932	27	0
CHEMBL218932	25	0
CHEMBL218932	2048	0
CHEMBL218932	2043	0
CHEMBL218932	102724428	0
CHEMBL218859	6714	0
CHEMBL218859	5753	0
CHEMBL218859	4067	0
CHEMBL218859	3815	0
CHEMBL218859	3055	0
CHEMBL218859	27	0
CHEMBL218859	25	0
CHEMBL218859	2048	0
CHEMBL218859	2043	0
CHEMBL218859	102724428	0
CHEMBL218720	9475	0
CHEMBL218720	6795	0
CHEMBL218720	6790	0
CHEMBL218720	6093	0
CHEMBL218720	3718	0
CHEMBL218720	3717	0
CHEMBL218720	3716	0
CHEMBL218088	9641	0
CHEMBL218088	6714	0
CHEMBL218088	5753	0
CHEMBL218088	5156	0
CHEMBL218088	4067	0
CHEMBL218088	3815	0
CHEMBL218088	3055	0
CHEMBL218088	27	0
CHEMBL218088	25	0
CHEMBL218088	2048	0
CHEMBL218088	2043	0
CHEMBL218088	102724428	0
CHEMBL215993	2066	0
CHEMBL215993	1956	0
CHEMBL215814	1956	0
CHEMBL212250	2066	0
CHEMBL212250	2064	0
CHEMBL212250	1956	0
CHEMBL208437	9448	0
CHEMBL208437	5587	0
CHEMBL208437	5159	0
CHEMBL208437	5156	0
CHEMBL208437	50488	0
CHEMBL208437	3791	0
CHEMBL208437	27	0
CHEMBL208437	25865	0
CHEMBL208437	25	0
CHEMBL207410	2066	0
CHEMBL207410	1956	0
CHEMBL207247	2066	0
CHEMBL207247	1956	0
CHEMBL206544	9448	0
CHEMBL2062290	8569	0
CHEMBL2062290	2932	0
CHEMBL2062290	2931	0
CHEMBL2062290	1021	0
CHEMBL2062289	2932	0
CHEMBL2062289	2931	0
CHEMBL2062289	1859	0
CHEMBL206010	983	0
CHEMBL206010	9448	0
CHEMBL206010	9212	0
CHEMBL206010	9149	0
CHEMBL206010	8569	0
CHEMBL206010	8445	0
CHEMBL206010	7525	0
CHEMBL206010	6795	0
CHEMBL206010	6714	0
CHEMBL206010	640	0
CHEMBL206010	5159	0
CHEMBL206010	5156	0
CHEMBL206010	50488	0
CHEMBL206010	4067	0
CHEMBL206010	3932	0
CHEMBL206010	3815	0
CHEMBL206010	3791	0
CHEMBL206010	3055	0
CHEMBL206010	2932	0
CHEMBL206010	2931	0
CHEMBL206010	29110	0
CHEMBL206010	2872	0
CHEMBL206010	27	0
CHEMBL206010	2534	0
CHEMBL206010	25	0
CHEMBL206010	23235	0
CHEMBL206010	2322	0
CHEMBL206010	2268	0
CHEMBL206010	1956	0
CHEMBL206010	1859	0
CHEMBL206010	1436	0
CHEMBL206010	1021	0
CHEMBL206010	1020	0
CHEMBL206010	1018	0
CHEMBL206010	1017	0
CHEMBL205966	2066	0
CHEMBL205966	1956	0
CHEMBL205798	2066	0
CHEMBL205798	1956	0
CHEMBL205765	2066	0
CHEMBL205765	1956	0
CHEMBL205158	9448	0
CHEMBL205158	5587	0
CHEMBL205158	5159	0
CHEMBL205158	5156	0
CHEMBL205158	50488	0
CHEMBL205158	3791	0
CHEMBL205158	25865	0
CHEMBL205158	25	0
CHEMBL205158	23683	0
CHEMBL204934	6714	0
CHEMBL204934	5156	0
CHEMBL204934	3815	0
CHEMBL204934	27	0
CHEMBL204934	25	0
CHEMBL202891	9448	0
CHEMBL202891	5156	0
CHEMBL202891	50488	0
CHEMBL202891	25	0
CHEMBL1956068	9891	0
CHEMBL1956068	9448	0
CHEMBL1956068	9212	0
CHEMBL1956068	9024	0
CHEMBL1956068	8711	0
CHEMBL1956068	84446	0
CHEMBL1956068	817	0
CHEMBL1956068	7301	0
CHEMBL1956068	6795	0
CHEMBL1956068	6790	0
CHEMBL1956068	6446	0
CHEMBL1956068	6198	0
CHEMBL1956068	6197	0
CHEMBL1956068	6196	0
CHEMBL1956068	6195	0
CHEMBL1956068	6098	0
CHEMBL1956068	5979	0
CHEMBL1956068	5593	0
CHEMBL1956068	5563	0
CHEMBL1956068	5562	0
CHEMBL1956068	5292	0
CHEMBL1956068	5260	0
CHEMBL1956068	5163	0
CHEMBL1956068	5159	0
CHEMBL1956068	5156	0
CHEMBL1956068	50488	0
CHEMBL1956068	415116	0
CHEMBL1956068	4058	0
CHEMBL1956068	3815	0
CHEMBL1956068	3791	0
CHEMBL1956068	3055	0
CHEMBL1956068	29110	0
CHEMBL1956068	27330	0
CHEMBL1956068	25	0
CHEMBL1956068	238	0
CHEMBL1956068	2324	0
CHEMBL1956068	23235	0
CHEMBL1956068	2322	0
CHEMBL1956068	2241	0
CHEMBL1956068	2185	0
CHEMBL1956068	1956	0
CHEMBL1956068	1436	0
CHEMBL1956068	120892	0
CHEMBL1956068	1111	0
CHEMBL1956068	11040	0
CHEMBL1956068	10461	0
CHEMBL1956068	102724428	0
CHEMBL1956068	10110	0
CHEMBL194062	983	0
CHEMBL194062	9448	0
CHEMBL194062	6795	0
CHEMBL194062	6790	0
CHEMBL194062	5156	0
CHEMBL194062	3815	0
CHEMBL194062	2322	0
CHEMBL194062	1020	0
CHEMBL194062	1018	0
CHEMBL194062	1017	0
CHEMBL192417	5156	0
CHEMBL192417	3815	0
CHEMBL192417	2322	0
CHEMBL191705	8711	0
CHEMBL191705	7525	0
CHEMBL191705	7294	0
CHEMBL191705	6714	0
CHEMBL191705	5159	0
CHEMBL191705	5156	0
CHEMBL191705	3815	0
CHEMBL191705	3791	0
CHEMBL191705	3055	0
CHEMBL191705	27	0
CHEMBL191705	2534	0
CHEMBL191705	25	0
CHEMBL191705	2322	0
CHEMBL191705	2261	0
CHEMBL191705	1196	0
CHEMBL1909415	2066	0
CHEMBL1909415	1956	0
CHEMBL1909415	1147	0
CHEMBL1909414	6793	0
CHEMBL1909414	673	0
CHEMBL1909414	5894	0
CHEMBL1909413	6714	0
CHEMBL1909413	5979	0
CHEMBL1909413	5753	0
CHEMBL1909413	3791	0
CHEMBL1909413	3055	0
CHEMBL1909413	27	0
CHEMBL1909413	1432	0
CHEMBL1909412	7294	0
CHEMBL1909412	673	0
CHEMBL1909412	6714	0
CHEMBL1909412	5979	0
CHEMBL1909412	5894	0
CHEMBL1909412	5753	0
CHEMBL1909412	5600	0
CHEMBL1909412	3791	0
CHEMBL1909412	3055	0
CHEMBL1909412	2932	0
CHEMBL1909412	27	0
CHEMBL1909412	25	0
CHEMBL1909412	2324	0
CHEMBL1909412	2321	0
CHEMBL1909412	1432	0
CHEMBL1909411	2066	0
CHEMBL1909411	1956	0
CHEMBL1909410	2066	0
CHEMBL1909410	1956	0
CHEMBL1909409	2066	0
CHEMBL1909409	1956	0
CHEMBL1909408	2066	0
CHEMBL1909408	1956	0
CHEMBL1909407	5600	0
CHEMBL1909407	1452	0
CHEMBL1909407	1432	0
CHEMBL1909406	1432	0
CHEMBL1909405	1432	0
CHEMBL1909404	9448	0
CHEMBL1909404	5601	0
CHEMBL1909404	5600	0
CHEMBL1909404	1956	0
CHEMBL1909404	1452	0
CHEMBL1909404	1432	0
CHEMBL1909403	5601	0
CHEMBL1909403	5600	0
CHEMBL1909403	1432	0
CHEMBL1909401	1432	0
CHEMBL1909400	5600	0
CHEMBL1909400	1432	0
CHEMBL1909399	9891	0
CHEMBL1909399	5159	0
CHEMBL1909399	5156	0
CHEMBL1909399	3815	0
CHEMBL1909399	2932	0
CHEMBL1909399	2931	0
CHEMBL1909399	2322	0
CHEMBL1909399	1021	0
CHEMBL1909399	1018	0
CHEMBL1909399	1017	0
CHEMBL1909397	9448	0
CHEMBL1909396	8711	0
CHEMBL1909396	7525	0
CHEMBL1909396	7010	0
CHEMBL1909396	6795	0
CHEMBL1909396	6793	0
CHEMBL1909396	6714	0
CHEMBL1909396	660	0
CHEMBL1909396	6198	0
CHEMBL1909396	6195	0
CHEMBL1909396	6098	0
CHEMBL1909396	5979	0
CHEMBL1909396	558	0
CHEMBL1909396	5159	0
CHEMBL1909396	5156	0
CHEMBL1909396	4921	0
CHEMBL1909396	4915	0
CHEMBL1909396	4914	0
CHEMBL1909396	4593	0
CHEMBL1909396	4233	0
CHEMBL1909396	4067	0
CHEMBL1909396	3932	0
CHEMBL1909396	3815	0
CHEMBL1909396	3791	0
CHEMBL1909396	3055	0
CHEMBL1909396	2872	0
CHEMBL1909396	27	0
CHEMBL1909396	2534	0
CHEMBL1909396	25	0
CHEMBL1909396	2444	0
CHEMBL1909396	2324	0
CHEMBL1909396	2321	0
CHEMBL1909396	2268	0
CHEMBL1909396	2261	0
CHEMBL1909396	2260	0
CHEMBL1909396	2241	0
CHEMBL1909396	2185	0
CHEMBL1909396	2050	0
CHEMBL1909396	2049	0
CHEMBL1909396	204851	0
CHEMBL1909396	2048	0
CHEMBL1909396	2043	0
CHEMBL1909396	2042	0
CHEMBL1909396	1969	0
CHEMBL1909396	147746	0
CHEMBL1909396	1445	0
CHEMBL1909396	1436	0
CHEMBL1909396	10461	0
CHEMBL1909395	2066	0
CHEMBL1909395	2064	0
CHEMBL1909395	1956	0
CHEMBL1909394	2066	0
CHEMBL1909394	2064	0
CHEMBL1909394	1956	0
CHEMBL1909393	2066	0
CHEMBL1909393	2064	0
CHEMBL1909393	1956	0
CHEMBL1909392	2066	0
CHEMBL1909392	2064	0
CHEMBL1909392	1956	0
CHEMBL1909391	2066	0
CHEMBL1909391	2064	0
CHEMBL1909391	1956	0
CHEMBL1909391	10461	0
CHEMBL1909390	2066	0
CHEMBL1909390	2064	0
CHEMBL1909390	1956	0
CHEMBL1909389	1956	0
CHEMBL1909388	2066	0
CHEMBL1909388	2064	0
CHEMBL1909388	1956	0
CHEMBL1909387	1956	0
CHEMBL1909386	2066	0
CHEMBL1909386	2064	0
CHEMBL1909386	1956	0
CHEMBL1909385	2066	0
CHEMBL1909385	2064	0
CHEMBL1909385	1956	0
CHEMBL1909384	9641	0
CHEMBL1909384	9578	0
CHEMBL1909384	9475	0
CHEMBL1909384	9252	0
CHEMBL1909384	8986	0
CHEMBL1909384	8476	0
CHEMBL1909384	8445	0
CHEMBL1909384	6198	0
CHEMBL1909384	6197	0
CHEMBL1909384	6196	0
CHEMBL1909384	6195	0
CHEMBL1909384	6093	0
CHEMBL1909384	5613	0
CHEMBL1909384	5593	0
CHEMBL1909384	5592	0
CHEMBL1909384	5583	0
CHEMBL1909384	5579	0
CHEMBL1909384	5566	0
CHEMBL1909384	5292	0
CHEMBL1909384	415116	0
CHEMBL1909384	100533105	0
CHEMBL1909383	9891	0
CHEMBL1909383	983	0
CHEMBL1909383	9448	0
CHEMBL1909383	9149	0
CHEMBL1909383	9024	0
CHEMBL1909383	8711	0
CHEMBL1909383	8569	0
CHEMBL1909383	8445	0
CHEMBL1909383	84446	0
CHEMBL1909383	7525	0
CHEMBL1909383	7301	0
CHEMBL1909383	6795	0
CHEMBL1909383	6793	0
CHEMBL1909383	6790	0
CHEMBL1909383	6714	0
CHEMBL1909383	640	0
CHEMBL1909383	5979	0
CHEMBL1909383	5753	0
CHEMBL1909383	5159	0
CHEMBL1909383	5156	0
CHEMBL1909383	50488	0
CHEMBL1909383	4593	0
CHEMBL1909383	4486	0
CHEMBL1909383	4233	0
CHEMBL1909383	4067	0
CHEMBL1909383	3932	0
CHEMBL1909383	3815	0
CHEMBL1909383	3791	0
CHEMBL1909383	3055	0
CHEMBL1909383	2932	0
CHEMBL1909383	2931	0
CHEMBL1909383	2872	0
CHEMBL1909383	27	0
CHEMBL1909383	2534	0
CHEMBL1909383	25	0
CHEMBL1909383	2324	0
CHEMBL1909383	23235	0
CHEMBL1909383	2322	0
CHEMBL1909383	2268	0
CHEMBL1909383	204851	0
CHEMBL1909383	1956	0
CHEMBL1909383	1859	0
CHEMBL1909383	147746	0
CHEMBL1909383	1457	0
CHEMBL1909383	1196	0
CHEMBL1909383	10461	0
CHEMBL1909383	102724428	0
CHEMBL1909383	1021	0
CHEMBL1909383	1020	0
CHEMBL1909383	1019	0
CHEMBL1909383	1018	0
CHEMBL1909383	1017	0
CHEMBL1909382	9891	0
CHEMBL1909382	7301	0
CHEMBL1909382	6795	0
CHEMBL1909382	6790	0
CHEMBL1909382	6714	0
CHEMBL1909382	6098	0
CHEMBL1909382	5159	0
CHEMBL1909382	3815	0
CHEMBL1909382	27	0
CHEMBL1909382	25	0
CHEMBL1909382	1436	0
CHEMBL1909381	8711	0
CHEMBL1909381	7525	0
CHEMBL1909381	7301	0
CHEMBL1909381	7006	0
CHEMBL1909381	6795	0
CHEMBL1909381	6790	0
CHEMBL1909381	6714	0
CHEMBL1909381	660	0
CHEMBL1909381	640	0
CHEMBL1909381	6098	0
CHEMBL1909381	5979	0
CHEMBL1909381	5753	0
CHEMBL1909381	5159	0
CHEMBL1909381	5156	0
CHEMBL1909381	4067	0
CHEMBL1909381	3932	0
CHEMBL1909381	3815	0
CHEMBL1909381	3791	0
CHEMBL1909381	3055	0
CHEMBL1909381	27	0
CHEMBL1909381	2534	0
CHEMBL1909381	25	0
CHEMBL1909381	2444	0
CHEMBL1909381	2324	0
CHEMBL1909381	23235	0
CHEMBL1909381	2322	0
CHEMBL1909381	2321	0
CHEMBL1909381	2268	0
CHEMBL1909381	2043	0
CHEMBL1909381	102724428	0
CHEMBL1909380	7525	0
CHEMBL1909380	640	0
CHEMBL1909380	5753	0
CHEMBL1909380	3932	0
CHEMBL1909380	2066	0
CHEMBL1909380	2064	0
CHEMBL1909380	1956	0
CHEMBL1909380	1445	0
CHEMBL1909379	2066	0
CHEMBL1909379	2064	0
CHEMBL1909379	1956	0
CHEMBL1909377	1452	0
CHEMBL1909375	9641	0
CHEMBL1909375	83942	0
CHEMBL1909375	57787	0
CHEMBL1909375	5613	0
CHEMBL1909375	5593	0
CHEMBL1909375	5592	0
CHEMBL1909375	5588	0
CHEMBL1909375	5583	0
CHEMBL1909375	5579	0
CHEMBL1909375	5566	0
CHEMBL1909375	4140	0
CHEMBL1909375	4139	0
CHEMBL1909375	3791	0
CHEMBL1909375	29110	0
CHEMBL1909375	2011	0
CHEMBL1909375	106821730	0
CHEMBL1909375	10000	0
CHEMBL1909374	7010	0
CHEMBL1909374	6793	0
CHEMBL1909374	5979	0
CHEMBL1909374	5156	0
CHEMBL1909374	4921	0
CHEMBL1909374	4914	0
CHEMBL1909374	4593	0
CHEMBL1909374	3815	0
CHEMBL1909374	3791	0
CHEMBL1909374	27	0
CHEMBL1909374	26576	0
CHEMBL1909374	25	0
CHEMBL1909374	2322	0
CHEMBL1909374	2048	0
CHEMBL1909374	2043	0
CHEMBL1909372	7010	0
CHEMBL1909372	6793	0
CHEMBL1909372	5979	0
CHEMBL1909372	5156	0
CHEMBL1909372	4921	0
CHEMBL1909372	4593	0
CHEMBL1909372	3815	0
CHEMBL1909372	3791	0
CHEMBL1909372	2322	0
CHEMBL1909372	2048	0
CHEMBL1909372	1432	0
CHEMBL1909371	5156	0
CHEMBL1909371	4921	0
CHEMBL1909371	3815	0
CHEMBL1909371	25	0
CHEMBL1909370	7010	0
CHEMBL1909370	5979	0
CHEMBL1909370	5156	0
CHEMBL1909370	4921	0
CHEMBL1909370	4914	0
CHEMBL1909370	3815	0
CHEMBL1909370	3791	0
CHEMBL1909370	25	0
CHEMBL1909370	2322	0
CHEMBL1909370	2321	0
CHEMBL1909370	2048	0
CHEMBL1909370	2043	0
CHEMBL1909370	1969	0
CHEMBL1909369	7010	0
CHEMBL1909369	6795	0
CHEMBL1909369	6793	0
CHEMBL1909369	5979	0
CHEMBL1909369	5894	0
CHEMBL1909369	5600	0
CHEMBL1909369	5159	0
CHEMBL1909369	5156	0
CHEMBL1909369	4921	0
CHEMBL1909369	4915	0
CHEMBL1909369	4914	0
CHEMBL1909369	4593	0
CHEMBL1909369	4067	0
CHEMBL1909369	3815	0
CHEMBL1909369	3791	0
CHEMBL1909369	27	0
CHEMBL1909369	25	0
CHEMBL1909369	2324	0
CHEMBL1909369	2321	0
CHEMBL1909369	2050	0
CHEMBL1909369	2048	0
CHEMBL1909369	2043	0
CHEMBL1909369	2042	0
CHEMBL1909369	1969	0
CHEMBL1909369	1432	0
CHEMBL1909368	8711	0
CHEMBL1909368	7010	0
CHEMBL1909368	6795	0
CHEMBL1909368	6793	0
CHEMBL1909368	673	0
CHEMBL1909368	6198	0
CHEMBL1909368	5979	0
CHEMBL1909368	558	0
CHEMBL1909368	5159	0
CHEMBL1909368	5156	0
CHEMBL1909368	4921	0
CHEMBL1909368	4915	0
CHEMBL1909368	4914	0
CHEMBL1909368	4593	0
CHEMBL1909368	4067	0
CHEMBL1909368	3815	0
CHEMBL1909368	3791	0
CHEMBL1909368	27	0
CHEMBL1909368	25	0
CHEMBL1909368	2322	0
CHEMBL1909368	2321	0
CHEMBL1909368	2050	0
CHEMBL1909368	2048	0
CHEMBL1909368	2043	0
CHEMBL1909368	1969	0
CHEMBL1909368	147746	0
CHEMBL1909368	1436	0
CHEMBL1909368	120892	0
CHEMBL1909367	4921	0
CHEMBL1909366	5979	0
CHEMBL1909366	5156	0
CHEMBL1909366	4921	0
CHEMBL1909366	3791	0
CHEMBL1909366	25	0
CHEMBL1909365	7010	0
CHEMBL1909365	6793	0
CHEMBL1909365	5979	0
CHEMBL1909365	5156	0
CHEMBL1909365	4921	0
CHEMBL1909365	4915	0
CHEMBL1909365	4914	0
CHEMBL1909365	4593	0
CHEMBL1909365	4067	0
CHEMBL1909365	27	0
CHEMBL1909365	25	0
CHEMBL1909365	2050	0
CHEMBL1909365	2048	0
CHEMBL1909365	2043	0
CHEMBL1909365	1969	0
CHEMBL1909364	5979	0
CHEMBL1909364	5156	0
CHEMBL1909364	4921	0
CHEMBL1909364	3815	0
CHEMBL1909364	3791	0
CHEMBL1909364	25	0
CHEMBL1909364	2322	0
CHEMBL1909364	2321	0
CHEMBL1909364	2048	0
CHEMBL1909364	2043	0
CHEMBL1909363	9578	0
CHEMBL1909363	9475	0
CHEMBL1909363	9252	0
CHEMBL1909363	8986	0
CHEMBL1909363	83942	0
CHEMBL1909363	6198	0
CHEMBL1909363	6197	0
CHEMBL1909363	6196	0
CHEMBL1909363	6195	0
CHEMBL1909363	6093	0
CHEMBL1909363	5613	0
CHEMBL1909363	5593	0
CHEMBL1909363	5592	0
CHEMBL1909363	5588	0
CHEMBL1909363	5584	0
CHEMBL1909363	5583	0
CHEMBL1909363	5582	0
CHEMBL1909363	5579	0
CHEMBL1909363	5566	0
CHEMBL1909363	2932	0
CHEMBL1909363	2931	0
CHEMBL1909363	1147	0
CHEMBL1909363	10110	0
CHEMBL1909363	100533105	0
CHEMBL1909362	9891	0
CHEMBL1909362	9212	0
CHEMBL1909362	6795	0
CHEMBL1909362	6790	0
CHEMBL1909362	6098	0
CHEMBL1909362	5159	0
CHEMBL1909362	5156	0
CHEMBL1909362	3815	0
CHEMBL1909362	2322	0
CHEMBL1909362	2185	0
CHEMBL1909362	1436	0
CHEMBL1909361	9641	0
CHEMBL1909361	9212	0
CHEMBL1909361	8711	0
CHEMBL1909361	7294	0
CHEMBL1909361	6795	0
CHEMBL1909361	6790	0
CHEMBL1909361	5979	0
CHEMBL1909361	5159	0
CHEMBL1909361	5156	0
CHEMBL1909361	4921	0
CHEMBL1909361	3815	0
CHEMBL1909361	2322	0
CHEMBL1909361	2185	0
CHEMBL1909361	1436	0
CHEMBL1909360	9475	0
CHEMBL1909360	9448	0
CHEMBL1909360	9212	0
CHEMBL1909360	7294	0
CHEMBL1909360	7010	0
CHEMBL1909360	6795	0
CHEMBL1909360	6793	0
CHEMBL1909360	6790	0
CHEMBL1909360	6789	0
CHEMBL1909360	660	0
CHEMBL1909360	6098	0
CHEMBL1909360	5979	0
CHEMBL1909360	5159	0
CHEMBL1909360	5156	0
CHEMBL1909360	4921	0
CHEMBL1909360	4914	0
CHEMBL1909360	4486	0
CHEMBL1909360	4233	0
CHEMBL1909360	3815	0
CHEMBL1909360	3791	0
CHEMBL1909360	27	0
CHEMBL1909360	25	0
CHEMBL1909360	2322	0
CHEMBL1909360	2241	0
CHEMBL1909360	2185	0
CHEMBL1909360	1436	0
CHEMBL1909360	120892	0
CHEMBL1909360	10461	0
CHEMBL1909360	10188	0
CHEMBL1909359	9448	0
CHEMBL1909359	9212	0
CHEMBL1909359	8711	0
CHEMBL1909359	7525	0
CHEMBL1909359	7294	0
CHEMBL1909359	7010	0
CHEMBL1909359	7006	0
CHEMBL1909359	6795	0
CHEMBL1909359	6793	0
CHEMBL1909359	6790	0
CHEMBL1909359	6714	0
CHEMBL1909359	640	0
CHEMBL1909359	6098	0
CHEMBL1909359	5979	0
CHEMBL1909359	5753	0
CHEMBL1909359	5159	0
CHEMBL1909359	5156	0
CHEMBL1909359	50488	0
CHEMBL1909359	4921	0
CHEMBL1909359	4067	0
CHEMBL1909359	3932	0
CHEMBL1909359	3815	0
CHEMBL1909359	3791	0
CHEMBL1909359	3055	0
CHEMBL1909359	27	0
CHEMBL1909359	2534	0
CHEMBL1909359	25	0
CHEMBL1909359	2324	0
CHEMBL1909359	2321	0
CHEMBL1909359	2268	0
CHEMBL1909359	2261	0
CHEMBL1909359	2260	0
CHEMBL1909359	2242	0
CHEMBL1909359	2241	0
CHEMBL1909359	1436	0
CHEMBL1909359	10461	0
CHEMBL1909358	8711	0
CHEMBL1909358	7525	0
CHEMBL1909358	6793	0
CHEMBL1909358	6725	0
CHEMBL1909358	6714	0
CHEMBL1909358	640	0
CHEMBL1909358	6098	0
CHEMBL1909358	5979	0
CHEMBL1909358	5753	0
CHEMBL1909358	5159	0
CHEMBL1909358	5156	0
CHEMBL1909358	4067	0
CHEMBL1909358	3932	0
CHEMBL1909358	3815	0
CHEMBL1909358	3791	0
CHEMBL1909358	3055	0
CHEMBL1909358	27	0
CHEMBL1909358	2534	0
CHEMBL1909358	25	0
CHEMBL1909358	2444	0
CHEMBL1909358	2324	0
CHEMBL1909358	2321	0
CHEMBL1909358	2268	0
CHEMBL1909358	2261	0
CHEMBL1909358	2066	0
CHEMBL1909358	2050	0
CHEMBL1909357	6793	0
CHEMBL1909357	6714	0
CHEMBL1909357	5979	0
CHEMBL1909357	5753	0
CHEMBL1909357	5159	0
CHEMBL1909357	5156	0
CHEMBL1909357	4067	0
CHEMBL1909357	3932	0
CHEMBL1909357	3815	0
CHEMBL1909357	3791	0
CHEMBL1909357	3055	0
CHEMBL1909357	27	0
CHEMBL1909357	2534	0
CHEMBL1909357	25	0
CHEMBL1909357	2324	0
CHEMBL1909357	2321	0
CHEMBL1909357	2066	0
CHEMBL1909357	1956	0
CHEMBL1909356	1956	0
CHEMBL1909355	8569	0
CHEMBL1909355	2872	0
CHEMBL1909355	2066	0
CHEMBL1909355	1956	0
CHEMBL1909354	8711	0
CHEMBL1909354	5753	0
CHEMBL1909354	102724428	0
CHEMBL1909353	8711	0
CHEMBL1909352	8711	0
CHEMBL1909352	8569	0
CHEMBL1909352	7006	0
CHEMBL1909352	6714	0
CHEMBL1909352	660	0
CHEMBL1909352	5894	0
CHEMBL1909352	5753	0
CHEMBL1909352	5156	0
CHEMBL1909352	4067	0
CHEMBL1909352	3815	0
CHEMBL1909352	3055	0
CHEMBL1909352	2872	0
CHEMBL1909352	27	0
CHEMBL1909352	2534	0
CHEMBL1909352	25	0
CHEMBL1909352	23235	0
CHEMBL1909352	2268	0
CHEMBL1909352	2048	0
CHEMBL1909352	2043	0
CHEMBL1909352	1969	0
CHEMBL1909352	1956	0
CHEMBL1909352	102724428	0
CHEMBL1909351	9448	0
CHEMBL1909351	5156	0
CHEMBL1909351	50488	0
CHEMBL1909351	3815	0
CHEMBL1909351	2322	0
CHEMBL1909351	1021	0
CHEMBL1909350	5613	0
CHEMBL1909350	5593	0
CHEMBL1909350	5588	0
CHEMBL1909350	5583	0
CHEMBL1909350	3791	0
CHEMBL1909350	10000	0
CHEMBL1909349	9891	0
CHEMBL1909349	9641	0
CHEMBL1909349	9578	0
CHEMBL1909349	9475	0
CHEMBL1909349	9252	0
CHEMBL1909349	9024	0
CHEMBL1909349	8986	0
CHEMBL1909349	8476	0
CHEMBL1909349	83942	0
CHEMBL1909349	6198	0
CHEMBL1909349	6197	0
CHEMBL1909349	6196	0
CHEMBL1909349	6195	0
CHEMBL1909349	6093	0
CHEMBL1909349	5979	0
CHEMBL1909349	57787	0
CHEMBL1909349	57144	0
CHEMBL1909349	5613	0
CHEMBL1909349	5593	0
CHEMBL1909349	5592	0
CHEMBL1909349	5588	0
CHEMBL1909349	5587	0
CHEMBL1909349	5583	0
CHEMBL1909349	5582	0
CHEMBL1909349	5579	0
CHEMBL1909349	5578	0
CHEMBL1909349	5566	0
CHEMBL1909349	5563	0
CHEMBL1909349	5562	0
CHEMBL1909349	5159	0
CHEMBL1909349	5156	0
CHEMBL1909349	4140	0
CHEMBL1909349	4139	0
CHEMBL1909349	4058	0
CHEMBL1909349	3791	0
CHEMBL1909349	2932	0
CHEMBL1909349	2931	0
CHEMBL1909349	29110	0
CHEMBL1909349	25865	0
CHEMBL1909349	23683	0
CHEMBL1909349	2324	0
CHEMBL1909349	2321	0
CHEMBL1909349	2185	0
CHEMBL1909349	204851	0
CHEMBL1909349	2011	0
CHEMBL1909349	131890	0
CHEMBL1909349	1196	0
CHEMBL1909349	106821730	0
CHEMBL1909349	100533105	0
CHEMBL1909349	10000	0
CHEMBL1909347	9149	0
CHEMBL1909347	8569	0
CHEMBL1909347	2932	0
CHEMBL1909347	2931	0
CHEMBL1909347	1859	0
CHEMBL1909347	1021	0
CHEMBL1909347	1019	0
CHEMBL1909347	1018	0
CHEMBL1909347	1017	0
CHEMBL1909345	9149	0
CHEMBL1909345	2932	0
CHEMBL1909345	2931	0
CHEMBL1909345	1859	0
CHEMBL1909344	2932	0
CHEMBL1909344	2931	0
CHEMBL1909343	983	0
CHEMBL1909343	9149	0
CHEMBL1909343	8445	0
CHEMBL1909343	5292	0
CHEMBL1909343	415116	0
CHEMBL1909343	2932	0
CHEMBL1909343	2931	0
CHEMBL1909343	204851	0
CHEMBL1909343	1859	0
CHEMBL1909343	1021	0
CHEMBL1909343	1020	0
CHEMBL1909343	1019	0
CHEMBL1909343	1018	0
CHEMBL1909343	1017	0
CHEMBL1909342	9641	0
CHEMBL1895450	8711	0
CHEMBL1895450	83942	0
CHEMBL1895450	6098	0
CHEMBL1895450	558	0
CHEMBL1895450	5347	0
CHEMBL1895450	5292	0
CHEMBL1895450	4058	0
CHEMBL1895450	3645	0
CHEMBL1895450	3643	0
CHEMBL1895450	3480	0
CHEMBL1895450	2870	0
CHEMBL1895450	238	0
CHEMBL1895450	23683	0
CHEMBL1895450	23617	0
CHEMBL1895450	2242	0
CHEMBL1895450	2241	0
CHEMBL1895450	2185	0
CHEMBL1895450	1956	0
CHEMBL1895450	131890	0
CHEMBL1895450	120892	0
CHEMBL1895450	1196	0
CHEMBL189459	9448	0
CHEMBL189459	7525	0
CHEMBL189459	6714	0
CHEMBL189459	5979	0
CHEMBL189459	5753	0
CHEMBL189459	5601	0
CHEMBL189459	5600	0
CHEMBL189459	5587	0
CHEMBL189459	5159	0
CHEMBL189459	5156	0
CHEMBL189459	50488	0
CHEMBL189459	4921	0
CHEMBL189459	4067	0
CHEMBL189459	3932	0
CHEMBL189459	3815	0
CHEMBL189459	3791	0
CHEMBL189459	2932	0
CHEMBL189459	25865	0
CHEMBL189459	2534	0
CHEMBL189459	25	0
CHEMBL189459	23683	0
CHEMBL189459	2268	0
CHEMBL189459	2066	0
CHEMBL189459	2050	0
CHEMBL189459	2048	0
CHEMBL189459	2043	0
CHEMBL189459	1956	0
CHEMBL189459	1456	0
CHEMBL189459	1452	0
CHEMBL189459	1432	0
CHEMBL189415	2932	0
CHEMBL189415	2931	0
CHEMBL189415	204851	0
CHEMBL189415	1196	0
CHEMBL189353	9448	0
CHEMBL189353	9212	0
CHEMBL189353	8711	0
CHEMBL189353	7010	0
CHEMBL189353	6795	0
CHEMBL189353	6793	0
CHEMBL189353	6790	0
CHEMBL189353	6714	0
CHEMBL189353	660	0
CHEMBL189353	640	0
CHEMBL189353	5979	0
CHEMBL189353	5159	0
CHEMBL189353	5156	0
CHEMBL189353	50488	0
CHEMBL189353	4915	0
CHEMBL189353	4914	0
CHEMBL189353	4593	0
CHEMBL189353	4486	0
CHEMBL189353	4233	0
CHEMBL189353	4067	0
CHEMBL189353	3932	0
CHEMBL189353	3815	0
CHEMBL189353	3791	0
CHEMBL189353	3702	0
CHEMBL189353	27	0
CHEMBL189353	25	0
CHEMBL189353	2322	0
CHEMBL189353	2321	0
CHEMBL189353	2268	0
CHEMBL189353	2241	0
CHEMBL189353	1436	0
CHEMBL189231	9578	0
CHEMBL189231	9475	0
CHEMBL189231	9252	0
CHEMBL189231	9149	0
CHEMBL189231	8986	0
CHEMBL189231	8476	0
CHEMBL189231	6198	0
CHEMBL189231	6197	0
CHEMBL189231	6196	0
CHEMBL189231	6195	0
CHEMBL189231	6093	0
CHEMBL189231	5593	0
CHEMBL189231	5592	0
CHEMBL189231	5588	0
CHEMBL189231	5583	0
CHEMBL189231	5579	0
CHEMBL189231	5292	0
CHEMBL189231	415116	0
CHEMBL189231	2932	0
CHEMBL189231	2931	0
CHEMBL189231	1859	0
CHEMBL189231	1436	0
CHEMBL189148	7525	0
CHEMBL189148	5601	0
CHEMBL189148	5600	0
CHEMBL189148	4921	0
CHEMBL189148	3932	0
CHEMBL189148	3815	0
CHEMBL189148	2268	0
CHEMBL189148	2066	0
CHEMBL189148	2048	0
CHEMBL189148	1956	0
CHEMBL189148	1432	0
CHEMBL189148	1147	0
CHEMBL1888586	9448	0
CHEMBL1888586	6098	0
CHEMBL1888586	5601	0
CHEMBL1888586	5600	0
CHEMBL1888586	50488	0
CHEMBL1888586	1956	0
CHEMBL1888586	1452	0
CHEMBL1888586	1432	0
CHEMBL188794	2066	0
CHEMBL1885746	5601	0
CHEMBL1885746	5600	0
CHEMBL1885746	23235	0
CHEMBL1885746	1432	0
CHEMBL188426	3815	0
CHEMBL188426	29110	0
CHEMBL188426	204851	0
CHEMBL188426	1196	0
CHEMBL188381	9448	0
CHEMBL188381	9212	0
CHEMBL188381	8711	0
CHEMBL188381	8569	0
CHEMBL188381	7525	0
CHEMBL188381	7010	0
CHEMBL188381	6795	0
CHEMBL188381	6793	0
CHEMBL188381	6790	0
CHEMBL188381	6714	0
CHEMBL188381	640	0
CHEMBL188381	6098	0
CHEMBL188381	5979	0
CHEMBL188381	5871	0
CHEMBL188381	5753	0
CHEMBL188381	5159	0
CHEMBL188381	5156	0
CHEMBL188381	50488	0
CHEMBL188381	4921	0
CHEMBL188381	4915	0
CHEMBL188381	4914	0
CHEMBL188381	4593	0
CHEMBL188381	4486	0
CHEMBL188381	4233	0
CHEMBL188381	4067	0
CHEMBL188381	3932	0
CHEMBL188381	3815	0
CHEMBL188381	3791	0
CHEMBL188381	3702	0
CHEMBL188381	3055	0
CHEMBL188381	2872	0
CHEMBL188381	27	0
CHEMBL188381	2534	0
CHEMBL188381	25	0
CHEMBL188381	2324	0
CHEMBL188381	2322	0
CHEMBL188381	2321	0
CHEMBL188381	2268	0
CHEMBL188381	2241	0
CHEMBL188381	2185	0
CHEMBL188381	2048	0
CHEMBL188381	2043	0
CHEMBL188381	147746	0
CHEMBL188381	1436	0
CHEMBL188268	9578	0
CHEMBL188268	9475	0
CHEMBL188268	9252	0
CHEMBL188268	8986	0
CHEMBL188268	8476	0
CHEMBL188268	6198	0
CHEMBL188268	6197	0
CHEMBL188268	6196	0
CHEMBL188268	6195	0
CHEMBL188268	6093	0
CHEMBL188268	5593	0
CHEMBL188268	5588	0
CHEMBL188268	5583	0
CHEMBL188268	5579	0
CHEMBL188268	5566	0
CHEMBL188268	5292	0
CHEMBL188268	415116	0
CHEMBL188268	2932	0
CHEMBL188268	2931	0
CHEMBL188268	120892	0
CHEMBL188257	8711	0
CHEMBL188257	7525	0
CHEMBL188257	6793	0
CHEMBL188257	6790	0
CHEMBL188257	6714	0
CHEMBL188257	5979	0
CHEMBL188257	5753	0
CHEMBL188257	5601	0
CHEMBL188257	5600	0
CHEMBL188257	4921	0
CHEMBL188257	4067	0
CHEMBL188257	3932	0
CHEMBL188257	3815	0
CHEMBL188257	3791	0
CHEMBL188257	25	0
CHEMBL188257	2324	0
CHEMBL188257	2268	0
CHEMBL188257	2066	0
CHEMBL188257	1956	0
CHEMBL188257	1436	0
CHEMBL188257	1432	0
CHEMBL188240	6198	0
CHEMBL1882194	9891	0
CHEMBL1882194	983	0
CHEMBL1882194	9212	0
CHEMBL1882194	9149	0
CHEMBL1882194	6795	0
CHEMBL1882194	6098	0
CHEMBL1882194	5587	0
CHEMBL1882194	5159	0
CHEMBL1882194	5156	0
CHEMBL1882194	3815	0
CHEMBL1882194	3643	0
CHEMBL1882194	3480	0
CHEMBL1882194	2932	0
CHEMBL1882194	2931	0
CHEMBL1882194	25865	0
CHEMBL1882194	23683	0
CHEMBL1882194	2185	0
CHEMBL1882194	204851	0
CHEMBL1882194	1859	0
CHEMBL1882194	147746	0
CHEMBL1882194	1452	0
CHEMBL1882194	1436	0
CHEMBL1882194	1196	0
CHEMBL1882194	1021	0
CHEMBL1882194	1020	0
CHEMBL1882194	1019	0
CHEMBL1882194	1018	0
CHEMBL1882194	1017	0
CHEMBL1880739	9448	0
CHEMBL1880739	8711	0
CHEMBL1880739	5595	0
CHEMBL1880739	50488	0
CHEMBL1880739	120892	0
CHEMBL188048	9475	0
CHEMBL188048	9252	0
CHEMBL188048	9149	0
CHEMBL188048	6198	0
CHEMBL188048	6093	0
CHEMBL188048	2931	0
CHEMBL188048	1859	0
CHEMBL187081	9891	0
CHEMBL187081	983	0
CHEMBL187081	9448	0
CHEMBL187081	9212	0
CHEMBL187081	9149	0
CHEMBL187081	8711	0
CHEMBL187081	6795	0
CHEMBL187081	6790	0
CHEMBL187081	6098	0
CHEMBL187081	5871	0
CHEMBL187081	5159	0
CHEMBL187081	5156	0
CHEMBL187081	50488	0
CHEMBL187081	3815	0
CHEMBL187081	3643	0
CHEMBL187081	3480	0
CHEMBL187081	2932	0
CHEMBL187081	2931	0
CHEMBL187081	2322	0
CHEMBL187081	2242	0
CHEMBL187081	2185	0
CHEMBL187081	204851	0
CHEMBL187081	1859	0
CHEMBL187081	147746	0
CHEMBL187081	1436	0
CHEMBL187081	120892	0
CHEMBL187081	1198	0
CHEMBL187081	1196	0
CHEMBL187081	1147	0
CHEMBL187081	1021	0
CHEMBL187081	1020	0
CHEMBL187081	1019	0
CHEMBL187081	1018	0
CHEMBL187081	1017	0
CHEMBL186213	7525	0
CHEMBL186213	2066	0
CHEMBL186213	1432	0
CHEMBL185962	9475	0
CHEMBL185962	9252	0
CHEMBL185962	9149	0
CHEMBL185962	8986	0
CHEMBL185962	6198	0
CHEMBL185962	6197	0
CHEMBL185962	6196	0
CHEMBL185962	6195	0
CHEMBL185962	6093	0
CHEMBL185962	5593	0
CHEMBL185962	5592	0
CHEMBL185962	5583	0
CHEMBL185962	5579	0
CHEMBL185962	5292	0
CHEMBL185962	3791	0
CHEMBL185962	2932	0
CHEMBL185962	2931	0
CHEMBL185962	1859	0
CHEMBL185962	10110	0
CHEMBL185962	100533105	0
CHEMBL185939	7525	0
CHEMBL185939	2268	0
CHEMBL185939	1432	0
CHEMBL185238	5156	0
CHEMBL185238	3791	0
CHEMBL183993	29110	0
CHEMBL183993	204851	0
CHEMBL183993	1196	0
CHEMBL182283	1436	0
CHEMBL179465	8711	0
CHEMBL179465	7525	0
CHEMBL179465	7294	0
CHEMBL179465	6714	0
CHEMBL179465	640	0
CHEMBL179465	5979	0
CHEMBL179465	5159	0
CHEMBL179465	5156	0
CHEMBL179465	4067	0
CHEMBL179465	3932	0
CHEMBL179465	3815	0
CHEMBL179465	3791	0
CHEMBL179465	3055	0
CHEMBL179465	27	0
CHEMBL179465	2534	0
CHEMBL179465	25	0
CHEMBL179465	2324	0
CHEMBL179465	2322	0
CHEMBL179465	2321	0
CHEMBL179465	2268	0
CHEMBL179465	2261	0
CHEMBL179465	1436	0
CHEMBL179465	1196	0
CHEMBL179453	8711	0
CHEMBL179453	3815	0
CHEMBL1794073	9891	0
CHEMBL1794073	9448	0
CHEMBL1794073	8711	0
CHEMBL1794073	7294	0
CHEMBL1794073	7010	0
CHEMBL1794073	7006	0
CHEMBL1794073	6795	0
CHEMBL1794073	6793	0
CHEMBL1794073	6790	0
CHEMBL1794073	6098	0
CHEMBL1794073	5753	0
CHEMBL1794073	5293	0
CHEMBL1794073	5159	0
CHEMBL1794073	5156	0
CHEMBL1794073	50488	0
CHEMBL1794073	4067	0
CHEMBL1794073	3932	0
CHEMBL1794073	3815	0
CHEMBL1794073	3791	0
CHEMBL1794073	3717	0
CHEMBL1794073	3716	0
CHEMBL1794073	3055	0
CHEMBL1794073	27	0
CHEMBL1794073	25	0
CHEMBL1794073	2324	0
CHEMBL1794073	1436	0
CHEMBL1794073	1111	0
CHEMBL1794073	102724428	0
CHEMBL1794072	6793	0
CHEMBL1794072	673	0
CHEMBL1794071	6793	0
CHEMBL1794071	673	0
CHEMBL1794071	1432	0
CHEMBL1794070	9891	0
CHEMBL1794070	91754	0
CHEMBL1794070	9024	0
CHEMBL1794070	84446	0
CHEMBL1794070	6793	0
CHEMBL1794070	5347	0
CHEMBL1794070	5293	0
CHEMBL1794070	5292	0
CHEMBL1794070	5159	0
CHEMBL1794070	5156	0
CHEMBL1794069	9891	0
CHEMBL1794069	91754	0
CHEMBL1794069	9024	0
CHEMBL1794069	84446	0
CHEMBL1794069	6793	0
CHEMBL1794069	6789	0
CHEMBL1794069	5347	0
CHEMBL1794069	5293	0
CHEMBL1794069	5292	0
CHEMBL1794069	5159	0
CHEMBL1794069	5156	0
CHEMBL1794069	4751	0
CHEMBL1794069	4750	0
CHEMBL1794069	4593	0
CHEMBL1794069	415116	0
CHEMBL1794068	9891	0
CHEMBL1794068	91754	0
CHEMBL1794068	9024	0
CHEMBL1794068	84446	0
CHEMBL1794068	6793	0
CHEMBL1794068	6789	0
CHEMBL1794068	6788	0
CHEMBL1794068	6197	0
CHEMBL1794068	5347	0
CHEMBL1794068	5293	0
CHEMBL1794068	5292	0
CHEMBL1794068	5159	0
CHEMBL1794068	5156	0
CHEMBL1794068	4751	0
CHEMBL1794068	4750	0
CHEMBL1794068	4593	0
CHEMBL1794068	4140	0
CHEMBL1794068	4139	0
CHEMBL1794068	27330	0
CHEMBL1794068	102724428	0
CHEMBL1794067	91754	0
CHEMBL1794067	9024	0
CHEMBL1794067	84446	0
CHEMBL1794067	6793	0
CHEMBL1794067	5347	0
CHEMBL1794067	5159	0
CHEMBL1794067	5156	0
CHEMBL1794067	4750	0
CHEMBL1794067	4593	0
CHEMBL1794066	9641	0
CHEMBL1794066	83942	0
CHEMBL1794066	57787	0
CHEMBL1794066	57144	0
CHEMBL1794066	5613	0
CHEMBL1794066	5593	0
CHEMBL1794066	5592	0
CHEMBL1794066	5588	0
CHEMBL1794066	5583	0
CHEMBL1794066	5582	0
CHEMBL1794066	5579	0
CHEMBL1794066	5566	0
CHEMBL1794066	5562	0
CHEMBL1794066	4140	0
CHEMBL1794066	4139	0
CHEMBL1794066	3791	0
CHEMBL1794066	2932	0
CHEMBL1794066	29110	0
CHEMBL1794066	2011	0
CHEMBL1794066	106821730	0
CHEMBL1794066	100533105	0
CHEMBL1794066	10000	0
CHEMBL1794065	9641	0
CHEMBL1794065	83942	0
CHEMBL1794065	57787	0
CHEMBL1794065	57144	0
CHEMBL1794065	5613	0
CHEMBL1794065	5593	0
CHEMBL1794065	5588	0
CHEMBL1794065	5583	0
CHEMBL1794065	5579	0
CHEMBL1794065	5562	0
CHEMBL1794065	4140	0
CHEMBL1794065	4139	0
CHEMBL1794065	3791	0
CHEMBL1794065	2932	0
CHEMBL1794065	2931	0
CHEMBL1794065	29110	0
CHEMBL1794065	106821730	0
CHEMBL1794065	100533105	0
CHEMBL1794065	10000	0
CHEMBL1794064	9475	0
CHEMBL1794064	9252	0
CHEMBL1794064	8986	0
CHEMBL1794064	6197	0
CHEMBL1794064	6195	0
CHEMBL1794064	5593	0
CHEMBL1794064	5583	0
CHEMBL1794062	5156	0
CHEMBL1794062	3815	0
CHEMBL1794062	2322	0
CHEMBL1794062	1436	0
CHEMBL1794061	3815	0
CHEMBL1794061	2322	0
CHEMBL1794061	1021	0
CHEMBL1794060	9891	0
CHEMBL1794060	9212	0
CHEMBL1794060	6795	0
CHEMBL1794060	6790	0
CHEMBL1794060	6714	0
CHEMBL1794060	5159	0
CHEMBL1794060	5156	0
CHEMBL1794060	3815	0
CHEMBL1794060	27	0
CHEMBL1794060	25	0
CHEMBL1794060	2322	0
CHEMBL1794060	1436	0
CHEMBL1794060	1111	0
CHEMBL1794059	9448	0
CHEMBL1794059	6795	0
CHEMBL1794059	50488	0
CHEMBL1794059	3815	0
CHEMBL1794059	1021	0
CHEMBL1794058	9448	0
CHEMBL1794058	6795	0
CHEMBL1794058	6789	0
CHEMBL1794058	5979	0
CHEMBL1794058	5156	0
CHEMBL1794058	50488	0
CHEMBL1794058	4915	0
CHEMBL1794058	3815	0
CHEMBL1794058	2322	0
CHEMBL1794058	1021	0
CHEMBL1794057	9448	0
CHEMBL1794057	6795	0
CHEMBL1794057	6790	0
CHEMBL1794057	6789	0
CHEMBL1794057	6788	0
CHEMBL1794057	5979	0
CHEMBL1794057	5159	0
CHEMBL1794057	5156	0
CHEMBL1794057	50488	0
CHEMBL1794057	4915	0
CHEMBL1794057	4914	0
CHEMBL1794057	3815	0
CHEMBL1794057	2322	0
CHEMBL1794057	23178	0
CHEMBL1794057	1021	0
CHEMBL1794056	9448	0
CHEMBL1794056	6789	0
CHEMBL1794056	5979	0
CHEMBL1794056	5156	0
CHEMBL1794056	50488	0
CHEMBL1794056	4915	0
CHEMBL1794056	3815	0
CHEMBL1794056	2322	0
CHEMBL1794056	1021	0
CHEMBL1794055	9891	0
CHEMBL1794055	983	0
CHEMBL1794055	9641	0
CHEMBL1794055	9475	0
CHEMBL1794055	9448	0
CHEMBL1794055	9212	0
CHEMBL1794055	9149	0
CHEMBL1794055	9024	0
CHEMBL1794055	8986	0
CHEMBL1794055	8711	0
CHEMBL1794055	84446	0
CHEMBL1794055	7297	0
CHEMBL1794055	7272	0
CHEMBL1794055	6795	0
CHEMBL1794055	6790	0
CHEMBL1794055	6789	0
CHEMBL1794055	6788	0
CHEMBL1794055	673	0
CHEMBL1794055	6714	0
CHEMBL1794055	6446	0
CHEMBL1794055	640	0
CHEMBL1794055	6197	0
CHEMBL1794055	6196	0
CHEMBL1794055	6195	0
CHEMBL1794055	6093	0
CHEMBL1794055	5979	0
CHEMBL1794055	5871	0
CHEMBL1794055	57787	0
CHEMBL1794055	5604	0
CHEMBL1794055	5593	0
CHEMBL1794055	5587	0
CHEMBL1794055	5563	0
CHEMBL1794055	5562	0
CHEMBL1794055	5260	0
CHEMBL1794055	51765	0
CHEMBL1794055	5163	0
CHEMBL1794055	5159	0
CHEMBL1794055	5156	0
CHEMBL1794055	50488	0
CHEMBL1794055	4915	0
CHEMBL1794055	4914	0
CHEMBL1794055	4593	0
CHEMBL1794055	4486	0
CHEMBL1794055	4233	0
CHEMBL1794055	4140	0
CHEMBL1794055	4139	0
CHEMBL1794055	3815	0
CHEMBL1794055	3791	0
CHEMBL1794055	3718	0
CHEMBL1794055	3716	0
CHEMBL1794055	2932	0
CHEMBL1794055	2931	0
CHEMBL1794055	29110	0
CHEMBL1794055	27330	0
CHEMBL1794055	25865	0
CHEMBL1794055	25	0
CHEMBL1794055	23683	0
CHEMBL1794055	2324	0
CHEMBL1794055	2322	0
CHEMBL1794055	2321	0
CHEMBL1794055	2261	0
CHEMBL1794055	2185	0
CHEMBL1794055	1859	0
CHEMBL1794055	1436	0
CHEMBL1794055	120892	0
CHEMBL1794055	1196	0
CHEMBL1794055	1021	0
CHEMBL1794055	1020	0
CHEMBL1794055	1019	0
CHEMBL1794055	1018	0
CHEMBL1794055	1017	0
CHEMBL1794053	9448	0
CHEMBL1794053	6725	0
CHEMBL1794053	5298	0
CHEMBL1794053	50488	0
CHEMBL1794053	11040	0
CHEMBL1794052	9641	0
CHEMBL1794052	9448	0
CHEMBL1794052	9149	0
CHEMBL1794052	8711	0
CHEMBL1794052	7297	0
CHEMBL1794052	6790	0
CHEMBL1794052	6725	0
CHEMBL1794052	5298	0
CHEMBL1794052	5292	0
CHEMBL1794052	50488	0
CHEMBL1794052	415116	0
CHEMBL1794052	204851	0
CHEMBL1794052	1859	0
CHEMBL1794052	120892	0
CHEMBL1794052	1196	0
CHEMBL1794052	11040	0
CHEMBL1794050	9641	0
CHEMBL1794050	9448	0
CHEMBL1794050	8711	0
CHEMBL1794050	6790	0
CHEMBL1794050	6725	0
CHEMBL1794050	5298	0
CHEMBL1794050	50488	0
CHEMBL1794050	1859	0
CHEMBL1794050	131890	0
CHEMBL1794050	120892	0
CHEMBL1794050	1196	0
CHEMBL179311	8711	0
CHEMBL179311	7525	0
CHEMBL179311	7294	0
CHEMBL179311	6714	0
CHEMBL179311	640	0
CHEMBL179311	5979	0
CHEMBL179311	5159	0
CHEMBL179311	5156	0
CHEMBL179311	4067	0
CHEMBL179311	3815	0
CHEMBL179311	3791	0
CHEMBL179311	3055	0
CHEMBL179311	27	0
CHEMBL179311	2534	0
CHEMBL179311	25	0
CHEMBL179311	2324	0
CHEMBL179311	2322	0
CHEMBL179311	2321	0
CHEMBL179311	2268	0
CHEMBL179311	2261	0
CHEMBL179311	147746	0
CHEMBL179311	1436	0
CHEMBL179311	1196	0
CHEMBL1789963	9641	0
CHEMBL1789963	9448	0
CHEMBL1789963	9149	0
CHEMBL1789963	8711	0
CHEMBL1789963	6790	0
CHEMBL1789963	6789	0
CHEMBL1789963	6788	0
CHEMBL1789963	6725	0
CHEMBL1789963	5979	0
CHEMBL1789963	5298	0
CHEMBL1789963	50488	0
CHEMBL1789963	415116	0
CHEMBL1789963	3815	0
CHEMBL1789963	3718	0
CHEMBL1789963	2932	0
CHEMBL1789963	2931	0
CHEMBL1789963	29110	0
CHEMBL1789963	2870	0
CHEMBL1789963	204851	0
CHEMBL1789963	1859	0
CHEMBL1789963	1457	0
CHEMBL1789963	1436	0
CHEMBL1789963	131890	0
CHEMBL1789963	120892	0
CHEMBL1789963	1198	0
CHEMBL1789963	1196	0
CHEMBL1789962	6714	0
CHEMBL1789962	25	0
CHEMBL1789962	2268	0
CHEMBL1789962	1956	0
CHEMBL1789962	1436	0
CHEMBL1789961	9891	0
CHEMBL1789961	9448	0
CHEMBL1789961	9212	0
CHEMBL1789961	8711	0
CHEMBL1789961	7525	0
CHEMBL1789961	7010	0
CHEMBL1789961	6795	0
CHEMBL1789961	6790	0
CHEMBL1789961	6714	0
CHEMBL1789961	640	0
CHEMBL1789961	5979	0
CHEMBL1789961	5159	0
CHEMBL1789961	5156	0
CHEMBL1789961	50488	0
CHEMBL1789961	4486	0
CHEMBL1789961	4233	0
CHEMBL1789961	4067	0
CHEMBL1789961	3932	0
CHEMBL1789961	3815	0
CHEMBL1789961	2932	0
CHEMBL1789961	2931	0
CHEMBL1789961	2872	0
CHEMBL1789961	27	0
CHEMBL1789961	25	0
CHEMBL1789961	2322	0
CHEMBL1789961	1956	0
CHEMBL1785004	1432	0
CHEMBL1785003	1432	0
CHEMBL1785002	1432	0
CHEMBL176857	9212	0
CHEMBL176857	8711	0
CHEMBL176857	6795	0
CHEMBL176857	6790	0
CHEMBL176857	4915	0
CHEMBL176857	4914	0
CHEMBL176857	131890	0
CHEMBL176857	120892	0
CHEMBL176553	5159	0
CHEMBL176553	5156	0
CHEMBL176553	3815	0
CHEMBL176553	25	0
CHEMBL176553	2322	0
CHEMBL176553	1436	0
CHEMBL175321	9891	0
CHEMBL175321	9448	0
CHEMBL175321	9212	0
CHEMBL175321	8986	0
CHEMBL175321	6795	0
CHEMBL175321	6790	0
CHEMBL175321	6789	0
CHEMBL175321	6788	0
CHEMBL175321	5979	0
CHEMBL175321	5871	0
CHEMBL175321	5163	0
CHEMBL175321	5156	0
CHEMBL175321	50488	0
CHEMBL175321	4915	0
CHEMBL175321	4914	0
CHEMBL175321	3815	0
CHEMBL175321	2322	0
CHEMBL175321	1436	0
CHEMBL175321	120892	0
CHEMBL160937	2932	0
CHEMBL160937	2931	0
CHEMBL160876	2931	0
CHEMBL160333	6789	0
CHEMBL160333	6788	0
CHEMBL160333	3718	0
CHEMBL160333	2932	0
CHEMBL160333	2931	0
CHEMBL160333	29110	0
CHEMBL157258	2931	0
CHEMBL156987	2932	0
CHEMBL156987	2931	0
CHEMBL156263	6793	0
CHEMBL156263	3718	0
CHEMBL156263	2932	0
CHEMBL156263	2931	0
CHEMBL1516890	9212	0
CHEMBL1516890	6795	0
CHEMBL1516890	6790	0
CHEMBL1516890	5979	0
CHEMBL1516890	5156	0
CHEMBL1516890	4915	0
CHEMBL1516890	4914	0
CHEMBL1516890	3815	0
CHEMBL1516890	3791	0
CHEMBL1516890	2322	0
CHEMBL1516890	120892	0
CHEMBL14014	5600	0
CHEMBL14014	1432	0
CHEMBL13972	1432	0
CHEMBL13868	5600	0
CHEMBL13868	1432	0
CHEMBL1096634	9475	0
CHEMBL1096634	57144	0
CHEMBL1096634	5613	0
CHEMBL1096634	5593	0
CHEMBL1096634	5592	0
CHEMBL1096634	5588	0
CHEMBL1096634	5583	0
CHEMBL1096634	5579	0
CHEMBL1096634	5566	0
CHEMBL1096634	5562	0
CHEMBL1096634	5159	0
CHEMBL1096634	5156	0
CHEMBL1096634	3791	0
CHEMBL1096634	2932	0
CHEMBL1096634	2931	0
CHEMBL1096634	2324	0
CHEMBL1096634	120892	0
CHEMBL1096634	106821730	0
CHEMBL1096634	100533105	0
CHEMBL1096634	10000	0
CHEMBL1096626	9891	0
CHEMBL1096626	83942	0
CHEMBL1096626	57144	0
CHEMBL1096626	5613	0
CHEMBL1096626	5593	0
CHEMBL1096626	5592	0
CHEMBL1096626	5588	0
CHEMBL1096626	5583	0
CHEMBL1096626	5566	0
CHEMBL1096626	5562	0
CHEMBL1096626	5159	0
CHEMBL1096626	3791	0
CHEMBL1096626	2932	0
CHEMBL1096626	2931	0
CHEMBL1096626	2324	0
CHEMBL1096626	106821730	0
CHEMBL1096626	100533105	0
CHEMBL1096626	10000	0
CHEMBL1096290	9641	0
CHEMBL1096290	5583	0
CHEMBL1096290	10000	0
CHEMBL103115	983	0
CHEMBL103115	9448	0
CHEMBL103115	7301	0
CHEMBL103115	6197	0
CHEMBL103115	6196	0
CHEMBL103115	5979	0
CHEMBL103115	5159	0
CHEMBL103115	5156	0
CHEMBL103115	50488	0
CHEMBL103115	3815	0
CHEMBL103115	27330	0
CHEMBL103115	2322	0
CHEMBL103115	1021	0
CHEMBL103115	1020	0
CHEMBL103115	1018	0
CHEMBL103115	1017	0
CHEMBL103104	3815	0
CHEMBL103104	1017	0
