CHEMBL1096634	120892
CHEMBL1516890	120892
CHEMBL175321	120892
CHEMBL176857	120892
CHEMBL1789963	120892
CHEMBL1794050	120892
CHEMBL1794052	120892
CHEMBL1794055	120892
CHEMBL187081	120892
CHEMBL1880739	120892
CHEMBL188268	120892
CHEMBL1895450	120892
CHEMBL1909360	120892
CHEMBL1909368	120892
CHEMBL1956068	120892
CHEMBL222419	120892
CHEMBL241517	120892
CHEMBL269827	120892
CHEMBL269883	120892
CHEMBL270544	120892
CHEMBL271595	120892
CHEMBL273564	120892
CHEMBL359999	120892
CHEMBL361894	120892
CHEMBL373751	120892
CHEMBL409892	120892
CHEMBL450071	120892
CHEMBL456252	120892
CHEMBL458415	120892
CHEMBL458438	120892
CHEMBL458865	120892
CHEMBL463931	120892
CHEMBL467581	120892
CHEMBL476259	120892
CHEMBL477069	120892
CHEMBL480382	120892
CHEMBL505915	120892
CHEMBL506153	120892
CHEMBL511765	120892
CHEMBL513897	120892
CHEMBL514162	120892
CHEMBL514261	120892
CHEMBL517171	120892
CHEMBL521806	120892
CHEMBL176857	131890
CHEMBL1789963	131890
CHEMBL1794050	131890
CHEMBL1895450	131890
CHEMBL1909349	131890
CHEMBL456252	131890
CHEMBL463931	131890
CHEMBL179311	147746
CHEMBL187081	147746
CHEMBL1882194	147746
CHEMBL188381	147746
CHEMBL1909368	147746
CHEMBL1909383	147746
CHEMBL1909396	147746
CHEMBL247228	147746
CHEMBL273564	147746
CHEMBL306865	147746
CHEMBL359963	147746
CHEMBL359999	147746
CHEMBL361894	147746
CHEMBL365248	147746
CHEMBL373751	147746
CHEMBL396107	147746
CHEMBL450071	147746
CHEMBL458865	147746
CHEMBL468963	147746
CHEMBL476259	147746
CHEMBL477069	147746
CHEMBL480382	147746
CHEMBL495696	147746
CHEMBL511765	147746
CHEMBL513897	147746
CHEMBL588025	147746
CHEMBL66292	147746
CHEMBL1909379	2064
CHEMBL1909380	2064
CHEMBL1909385	2064
CHEMBL1909386	2064
CHEMBL1909388	2064
CHEMBL1909390	2064
CHEMBL1909391	2064
CHEMBL1909392	2064
CHEMBL1909393	2064
CHEMBL1909394	2064
CHEMBL1909395	2064
CHEMBL212250	2064
CHEMBL30432	2064
CHEMBL384407	2064
CHEMBL475599	2064
CHEMBL475761	2064
CHEMBL507329	2064
CHEMBL512076	2064
CHEMBL517123	2064
CHEMBL529066	2064
CHEMBL531804	2064
CHEMBL179311	2534
CHEMBL179465	2534
CHEMBL188381	2534
CHEMBL189459	2534
CHEMBL1909352	2534
CHEMBL1909357	2534
CHEMBL1909358	2534
CHEMBL1909359	2534
CHEMBL1909381	2534
CHEMBL1909383	2534
CHEMBL1909396	2534
CHEMBL191705	2534
CHEMBL206010	2534
CHEMBL237347	2534
CHEMBL251549	2534
CHEMBL269883	2534
CHEMBL272165	2534
CHEMBL306865	2534
CHEMBL365297	2534
CHEMBL372474	2534
CHEMBL373751	2534
CHEMBL410072	2534
CHEMBL434729	2534
CHEMBL473420	2534
CHEMBL479079	2534
CHEMBL581096	2534
CHEMBL66292	2534
CHEMBL67241	2534
CHEMBL175321	1436
CHEMBL176553	1436
CHEMBL1789962	1436
CHEMBL1789963	1436
CHEMBL179311	1436
CHEMBL1794055	1436
CHEMBL1794060	1436
CHEMBL1794062	1436
CHEMBL1794073	1436
CHEMBL179465	1436
CHEMBL182283	1436
CHEMBL187081	1436
CHEMBL1882194	1436
CHEMBL188257	1436
CHEMBL188381	1436
CHEMBL189231	1436
CHEMBL189353	1436
CHEMBL1909359	1436
CHEMBL1909360	1436
CHEMBL1909361	1436
CHEMBL1909362	1436
CHEMBL1909368	1436
CHEMBL1909382	1436
CHEMBL1909396	1436
CHEMBL1956068	1436
CHEMBL206010	1436
CHEMBL230911	1436
CHEMBL243907	1436
CHEMBL247228	1436
CHEMBL261849	1436
CHEMBL270544	1436
CHEMBL271595	1436
CHEMBL273564	1436
CHEMBL275473	1436
CHEMBL359963	1436
CHEMBL359999	1436
CHEMBL361894	1436
CHEMBL365297	1436
CHEMBL396107	1436
CHEMBL405042	1436
CHEMBL409892	1436
CHEMBL443563	1436
CHEMBL456252	1436
CHEMBL463931	1436
CHEMBL468963	1436
CHEMBL473420	1436
CHEMBL476259	1436
CHEMBL477069	1436
CHEMBL479079	1436
CHEMBL495696	1436
CHEMBL513897	1436
CHEMBL520037	1436
CHEMBL588025	1436
CHEMBL176553	25
CHEMBL1789961	25
CHEMBL1789962	25
CHEMBL179311	25
CHEMBL1794055	25
CHEMBL1794060	25
CHEMBL1794073	25
CHEMBL179465	25
CHEMBL188257	25
CHEMBL188381	25
CHEMBL189353	25
CHEMBL189459	25
CHEMBL1909352	25
CHEMBL1909357	25
CHEMBL1909358	25
CHEMBL1909359	25
CHEMBL1909360	25
CHEMBL1909364	25
CHEMBL1909365	25
CHEMBL1909366	25
CHEMBL1909368	25
CHEMBL1909369	25
CHEMBL1909370	25
CHEMBL1909371	25
CHEMBL1909374	25
CHEMBL1909381	25
CHEMBL1909382	25
CHEMBL1909383	25
CHEMBL1909396	25
CHEMBL1909412	25
CHEMBL191705	25
CHEMBL1956068	25
CHEMBL202891	25
CHEMBL204934	25
CHEMBL205158	25
CHEMBL206010	25
CHEMBL208437	25
CHEMBL218088	25
CHEMBL218859	25
CHEMBL218932	25
CHEMBL220243	25
CHEMBL222419	25
CHEMBL237347	25
CHEMBL237570	25
CHEMBL241517	25
CHEMBL243907	25
CHEMBL247228	25
CHEMBL251549	25
CHEMBL260417	25
CHEMBL261440	25
CHEMBL263796	25
CHEMBL273564	25
CHEMBL303687	25
CHEMBL305477	25
CHEMBL306865	25
CHEMBL359999	25
CHEMBL362155	25
CHEMBL365297	25
CHEMBL372474	25
CHEMBL374060	25
CHEMBL396107	25
CHEMBL405021	25
CHEMBL409892	25
CHEMBL419903	25
CHEMBL427159	25
CHEMBL434729	25
CHEMBL443563	25
CHEMBL468963	25
CHEMBL479079	25
CHEMBL480382	25
CHEMBL495696	25
CHEMBL581096	25
CHEMBL588025	25
CHEMBL63728	25
CHEMBL65884	25
CHEMBL66004	25
CHEMBL66292	25
CHEMBL67241	25
CHEMBL69757	25
CHEMBL179311	2321
CHEMBL1794055	2321
CHEMBL179465	2321
CHEMBL188381	2321
CHEMBL189353	2321
CHEMBL1909349	2321
CHEMBL1909357	2321
CHEMBL1909358	2321
CHEMBL1909359	2321
CHEMBL1909364	2321
CHEMBL1909368	2321
CHEMBL1909369	2321
CHEMBL1909370	2321
CHEMBL1909381	2321
CHEMBL1909396	2321
CHEMBL1909412	2321
CHEMBL237347	2321
CHEMBL247228	2321
CHEMBL271595	2321
CHEMBL273564	2321
CHEMBL372474	2321
CHEMBL396107	2321
CHEMBL409892	2321
CHEMBL479079	2321
CHEMBL581096	2321
CHEMBL588025	2321
CHEMBL1909352	5894
CHEMBL1909369	5894
CHEMBL1909412	5894
CHEMBL1909414	5894
CHEMBL103115	5159
CHEMBL1096626	5159
CHEMBL1096634	5159
CHEMBL176553	5159
CHEMBL1789961	5159
CHEMBL179311	5159
CHEMBL1794055	5159
CHEMBL1794057	5159
CHEMBL1794060	5159
CHEMBL1794067	5159
CHEMBL1794068	5159
CHEMBL1794069	5159
CHEMBL1794070	5159
CHEMBL1794073	5159
CHEMBL179465	5159
CHEMBL187081	5159
CHEMBL1882194	5159
CHEMBL188381	5159
CHEMBL189353	5159
CHEMBL189459	5159
CHEMBL1909349	5159
CHEMBL1909357	5159
CHEMBL1909358	5159
CHEMBL1909359	5159
CHEMBL1909360	5159
CHEMBL1909361	5159
CHEMBL1909362	5159
CHEMBL1909368	5159
CHEMBL1909369	5159
CHEMBL1909381	5159
CHEMBL1909382	5159
CHEMBL1909383	5159
CHEMBL1909396	5159
CHEMBL1909399	5159
CHEMBL191705	5159
CHEMBL1956068	5159
CHEMBL205158	5159
CHEMBL206010	5159
CHEMBL208437	5159
CHEMBL222419	5159
CHEMBL237347	5159
CHEMBL241517	5159
CHEMBL243907	5159
CHEMBL247228	5159
CHEMBL251549	5159
CHEMBL269827	5159
CHEMBL269883	5159
CHEMBL270544	5159
CHEMBL271595	5159
CHEMBL272026	5159
CHEMBL272028	5159
CHEMBL272165	5159
CHEMBL272414	5159
CHEMBL273564	5159
CHEMBL275473	5159
CHEMBL306865	5159
CHEMBL359999	5159
CHEMBL361894	5159
CHEMBL365297	5159
CHEMBL372474	5159
CHEMBL373751	5159
CHEMBL396107	5159
CHEMBL409892	5159
CHEMBL410072	5159
CHEMBL434729	5159
CHEMBL443563	5159
CHEMBL463931	5159
CHEMBL468963	5159
CHEMBL473420	5159
CHEMBL476259	5159
CHEMBL479079	5159
CHEMBL480382	5159
CHEMBL495696	5159
CHEMBL495771	5159
CHEMBL514162	5159
CHEMBL514499	5159
CHEMBL521806	5159
CHEMBL581096	5159
CHEMBL588025	5159
CHEMBL66004	5159
CHEMBL66292	5159
CHEMBL67241	5159
CHEMBL69757	5159
CHEMBL103104	3815
CHEMBL103115	3815
CHEMBL1516890	3815
CHEMBL175321	3815
CHEMBL176553	3815
CHEMBL1789961	3815
CHEMBL1789963	3815
CHEMBL179311	3815
CHEMBL1794055	3815
CHEMBL1794056	3815
CHEMBL1794057	3815
CHEMBL1794058	3815
CHEMBL1794059	3815
CHEMBL1794060	3815
CHEMBL1794061	3815
CHEMBL1794062	3815
CHEMBL1794073	3815
CHEMBL179453	3815
CHEMBL179465	3815
CHEMBL187081	3815
CHEMBL1882194	3815
CHEMBL188257	3815
CHEMBL188381	3815
CHEMBL188426	3815
CHEMBL189148	3815
CHEMBL189353	3815
CHEMBL189459	3815
CHEMBL1909351	3815
CHEMBL1909352	3815
CHEMBL1909357	3815
CHEMBL1909358	3815
CHEMBL1909359	3815
CHEMBL1909360	3815
CHEMBL1909361	3815
CHEMBL1909362	3815
CHEMBL1909364	3815
CHEMBL1909368	3815
CHEMBL1909369	3815
CHEMBL1909370	3815
CHEMBL1909371	3815
CHEMBL1909372	3815
CHEMBL1909374	3815
CHEMBL1909381	3815
CHEMBL1909382	3815
CHEMBL1909383	3815
CHEMBL1909396	3815
CHEMBL1909399	3815
CHEMBL191705	3815
CHEMBL192417	3815
CHEMBL194062	3815
CHEMBL1956068	3815
CHEMBL204934	3815
CHEMBL206010	3815
CHEMBL218088	3815
CHEMBL218859	3815
CHEMBL218932	3815
CHEMBL220243	3815
CHEMBL230911	3815
CHEMBL237347	3815
CHEMBL241517	3815
CHEMBL243907	3815
CHEMBL247228	3815
CHEMBL251549	3815
CHEMBL260417	3815
CHEMBL270054	3815
CHEMBL270544	3815
CHEMBL271595	3815
CHEMBL271843	3815
CHEMBL273564	3815
CHEMBL275473	3815
CHEMBL306865	3815
CHEMBL318728	3815
CHEMBL359963	3815
CHEMBL359999	3815
CHEMBL361894	3815
CHEMBL365297	3815
CHEMBL372474	3815
CHEMBL374060	3815
CHEMBL396107	3815
CHEMBL405042	3815
CHEMBL409892	3815
CHEMBL443563	3815
CHEMBL463931	3815
CHEMBL468963	3815
CHEMBL479079	3815
CHEMBL495696	3815
CHEMBL581096	3815
CHEMBL588025	3815
CHEMBL63728	3815
CHEMBL66292	3815
CHEMBL1096626	2324
CHEMBL1096634	2324
CHEMBL179311	2324
CHEMBL1794055	2324
CHEMBL1794073	2324
CHEMBL179465	2324
CHEMBL188257	2324
CHEMBL188381	2324
CHEMBL1909349	2324
CHEMBL1909357	2324
CHEMBL1909358	2324
CHEMBL1909359	2324
CHEMBL1909369	2324
CHEMBL1909381	2324
CHEMBL1909383	2324
CHEMBL1909396	2324
CHEMBL1909412	2324
CHEMBL1956068	2324
CHEMBL222419	2324
CHEMBL237347	2324
CHEMBL247228	2324
CHEMBL260417	2324
CHEMBL269883	2324
CHEMBL271595	2324
CHEMBL272414	2324
CHEMBL273564	2324
CHEMBL275473	2324
CHEMBL372474	2324
CHEMBL373751	2324
CHEMBL396107	2324
CHEMBL409892	2324
CHEMBL473420	2324
CHEMBL479079	2324
CHEMBL514162	2324
CHEMBL514499	2324
CHEMBL521806	2324
CHEMBL581096	2324
CHEMBL588025	2324
CHEMBL187081	3480
CHEMBL1882194	3480
CHEMBL1895450	3480
CHEMBL359963	3480
CHEMBL359999	3480
CHEMBL361894	3480
CHEMBL450071	3480
CHEMBL456252	3480
CHEMBL458415	3480
CHEMBL458438	3480
CHEMBL458865	3480
CHEMBL463931	3480
CHEMBL467581	3480
CHEMBL468963	3480
CHEMBL476259	3480
CHEMBL477069	3480
CHEMBL479079	3480
CHEMBL505915	3480
CHEMBL511765	3480
CHEMBL513897	3480
CHEMBL514261	3480
CHEMBL517171	3480
CHEMBL103115	2322
CHEMBL1516890	2322
CHEMBL175321	2322
CHEMBL176553	2322
CHEMBL1789961	2322
CHEMBL179311	2322
CHEMBL1794055	2322
CHEMBL1794056	2322
CHEMBL1794057	2322
CHEMBL1794058	2322
CHEMBL1794060	2322
CHEMBL1794061	2322
CHEMBL1794062	2322
CHEMBL179465	2322
CHEMBL187081	2322
CHEMBL188381	2322
CHEMBL189353	2322
CHEMBL1909351	2322
CHEMBL1909360	2322
CHEMBL1909361	2322
CHEMBL1909362	2322
CHEMBL1909364	2322
CHEMBL1909368	2322
CHEMBL1909370	2322
CHEMBL1909372	2322
CHEMBL1909374	2322
CHEMBL1909381	2322
CHEMBL1909383	2322
CHEMBL1909399	2322
CHEMBL191705	2322
CHEMBL192417	2322
CHEMBL194062	2322
CHEMBL1956068	2322
CHEMBL206010	2322
CHEMBL247228	2322
CHEMBL269827	2322
CHEMBL269883	2322
CHEMBL270054	2322
CHEMBL270544	2322
CHEMBL271595	2322
CHEMBL271843	2322
CHEMBL273564	2322
CHEMBL275473	2322
CHEMBL306865	2322
CHEMBL318728	2322
CHEMBL359963	2322
CHEMBL359999	2322
CHEMBL361894	2322
CHEMBL396107	2322
CHEMBL405042	2322
CHEMBL409892	2322
CHEMBL443563	2322
CHEMBL468963	2322
CHEMBL476259	2322
CHEMBL479079	2322
CHEMBL495696	2322
CHEMBL588025	2322
CHEMBL66292	2322
CHEMBL187081	3643
CHEMBL1882194	3643
CHEMBL1895450	3643
CHEMBL303687	3643
CHEMBL359999	3643
CHEMBL361894	3643
CHEMBL450071	3643
CHEMBL456252	3643
CHEMBL458415	3643
CHEMBL458438	3643
CHEMBL458865	3643
CHEMBL463931	3643
CHEMBL467581	3643
CHEMBL468963	3643
CHEMBL476259	3643
CHEMBL477069	3643
CHEMBL479079	3643
CHEMBL505915	3643
CHEMBL511765	3643
CHEMBL513897	3643
CHEMBL514261	3643
CHEMBL517171	3643
CHEMBL103115	5156
CHEMBL1096634	5156
CHEMBL1516890	5156
CHEMBL175321	5156
CHEMBL176553	5156
CHEMBL1789961	5156
CHEMBL179311	5156
CHEMBL1794055	5156
CHEMBL1794056	5156
CHEMBL1794057	5156
CHEMBL1794058	5156
CHEMBL1794060	5156
CHEMBL1794062	5156
CHEMBL1794067	5156
CHEMBL1794068	5156
CHEMBL1794069	5156
CHEMBL1794070	5156
CHEMBL1794073	5156
CHEMBL179465	5156
CHEMBL185238	5156
CHEMBL187081	5156
CHEMBL1882194	5156
CHEMBL188381	5156
CHEMBL189353	5156
CHEMBL189459	5156
CHEMBL1909349	5156
CHEMBL1909351	5156
CHEMBL1909352	5156
CHEMBL1909357	5156
CHEMBL1909358	5156
CHEMBL1909359	5156
CHEMBL1909360	5156
CHEMBL1909361	5156
CHEMBL1909362	5156
CHEMBL1909364	5156
CHEMBL1909365	5156
CHEMBL1909366	5156
CHEMBL1909368	5156
CHEMBL1909369	5156
CHEMBL1909370	5156
CHEMBL1909371	5156
CHEMBL1909372	5156
CHEMBL1909374	5156
CHEMBL1909381	5156
CHEMBL1909383	5156
CHEMBL1909396	5156
CHEMBL1909399	5156
CHEMBL191705	5156
CHEMBL192417	5156
CHEMBL194062	5156
CHEMBL1956068	5156
CHEMBL202891	5156
CHEMBL204934	5156
CHEMBL205158	5156
CHEMBL206010	5156
CHEMBL208437	5156
CHEMBL218088	5156
CHEMBL218932	5156
CHEMBL220243	5156
CHEMBL222419	5156
CHEMBL237347	5156
CHEMBL241517	5156
CHEMBL243907	5156
CHEMBL247228	5156
CHEMBL251549	5156
CHEMBL260417	5156
CHEMBL269883	5156
CHEMBL270054	5156
CHEMBL270544	5156
CHEMBL271594	5156
CHEMBL271595	5156
CHEMBL271843	5156
CHEMBL272026	5156
CHEMBL272028	5156
CHEMBL272165	5156
CHEMBL272414	5156
CHEMBL273564	5156
CHEMBL275473	5156
CHEMBL306865	5156
CHEMBL359963	5156
CHEMBL359999	5156
CHEMBL361237	5156
CHEMBL361894	5156
CHEMBL365297	5156
CHEMBL372474	5156
CHEMBL373751	5156
CHEMBL374060	5156
CHEMBL396107	5156
CHEMBL405042	5156
CHEMBL409892	5156
CHEMBL410072	5156
CHEMBL434729	5156
CHEMBL443563	5156
CHEMBL463931	5156
CHEMBL468963	5156
CHEMBL473420	5156
CHEMBL473629	5156
CHEMBL479079	5156
CHEMBL480382	5156
CHEMBL495696	5156
CHEMBL495771	5156
CHEMBL514162	5156
CHEMBL514499	5156
CHEMBL518968	5156
CHEMBL521806	5156
CHEMBL581096	5156
CHEMBL588025	5156
CHEMBL63728	5156
CHEMBL66004	5156
CHEMBL66292	5156
CHEMBL67241	5156
CHEMBL1789961	1956
CHEMBL1789962	1956
CHEMBL188257	1956
CHEMBL1888586	1956
CHEMBL189148	1956
CHEMBL189459	1956
CHEMBL1895450	1956
CHEMBL1909352	1956
CHEMBL1909355	1956
CHEMBL1909356	1956
CHEMBL1909357	1956
CHEMBL1909379	1956
CHEMBL1909380	1956
CHEMBL1909383	1956
CHEMBL1909385	1956
CHEMBL1909386	1956
CHEMBL1909387	1956
CHEMBL1909388	1956
CHEMBL1909389	1956
CHEMBL1909390	1956
CHEMBL1909391	1956
CHEMBL1909392	1956
CHEMBL1909393	1956
CHEMBL1909394	1956
CHEMBL1909395	1956
CHEMBL1909404	1956
CHEMBL1909408	1956
CHEMBL1909409	1956
CHEMBL1909410	1956
CHEMBL1909411	1956
CHEMBL1909415	1956
CHEMBL1956068	1956
CHEMBL205765	1956
CHEMBL205798	1956
CHEMBL205966	1956
CHEMBL206010	1956
CHEMBL207247	1956
CHEMBL207410	1956
CHEMBL212250	1956
CHEMBL215814	1956
CHEMBL215993	1956
CHEMBL237347	1956
CHEMBL251549	1956
CHEMBL30432	1956
CHEMBL306865	1956
CHEMBL318892	1956
CHEMBL361237	1956
CHEMBL362155	1956
CHEMBL365297	1956
CHEMBL372474	1956
CHEMBL373751	1956
CHEMBL379093	1956
CHEMBL381604	1956
CHEMBL384407	1956
CHEMBL434729	1956
CHEMBL450071	1956
CHEMBL456252	1956
CHEMBL458865	1956
CHEMBL463931	1956
CHEMBL466412	1956
CHEMBL475599	1956
CHEMBL475761	1956
CHEMBL476259	1956
CHEMBL477069	1956
CHEMBL485745	1956
CHEMBL506414	1956
CHEMBL507329	1956
CHEMBL511765	1956
CHEMBL512076	1956
CHEMBL513897	1956
CHEMBL514938	1956
CHEMBL517123	1956
CHEMBL517907	1956
CHEMBL529066	1956
CHEMBL531804	1956
CHEMBL581096	1956
CHEMBL66292	1956
CHEMBL67241	1956
CHEMBL103115	5979
CHEMBL1516890	5979
CHEMBL175321	5979
CHEMBL1789961	5979
CHEMBL1789963	5979
CHEMBL179311	5979
CHEMBL1794055	5979
CHEMBL1794056	5979
CHEMBL1794057	5979
CHEMBL1794058	5979
CHEMBL179465	5979
CHEMBL188257	5979
CHEMBL188381	5979
CHEMBL189353	5979
CHEMBL189459	5979
CHEMBL1909349	5979
CHEMBL1909357	5979
CHEMBL1909358	5979
CHEMBL1909359	5979
CHEMBL1909360	5979
CHEMBL1909361	5979
CHEMBL1909364	5979
CHEMBL1909365	5979
CHEMBL1909366	5979
CHEMBL1909368	5979
CHEMBL1909369	5979
CHEMBL1909370	5979
CHEMBL1909372	5979
CHEMBL1909374	5979
CHEMBL1909381	5979
CHEMBL1909383	5979
CHEMBL1909396	5979
CHEMBL1909412	5979
CHEMBL1909413	5979
CHEMBL1956068	5979
CHEMBL222419	5979
CHEMBL237347	5979
CHEMBL241517	5979
CHEMBL243907	5979
CHEMBL247228	5979
CHEMBL251549	5979
CHEMBL269827	5979
CHEMBL269883	5979
CHEMBL270544	5979
CHEMBL271595	5979
CHEMBL272026	5979
CHEMBL272028	5979
CHEMBL272165	5979
CHEMBL272414	5979
CHEMBL273564	5979
CHEMBL306865	5979
CHEMBL365297	5979
CHEMBL372474	5979
CHEMBL373751	5979
CHEMBL396107	5979
CHEMBL405042	5979
CHEMBL409892	5979
CHEMBL410072	5979
CHEMBL434729	5979
CHEMBL441702	5979
CHEMBL468963	5979
CHEMBL473420	5979
CHEMBL476259	5979
CHEMBL479079	5979
CHEMBL480382	5979
CHEMBL513897	5979
CHEMBL514162	5979
CHEMBL514499	5979
CHEMBL520037	5979
CHEMBL521806	5979
CHEMBL581096	5979
CHEMBL588025	5979
CHEMBL63728	5979
CHEMBL66004	5979
CHEMBL67241	5979
CHEMBL1909352	1969
CHEMBL1909365	1969
CHEMBL1909368	1969
CHEMBL1909369	1969
CHEMBL1909370	1969
CHEMBL1909396	1969
CHEMBL230911	1969
CHEMBL237347	1969
CHEMBL241517	1969
CHEMBL243907	1969
CHEMBL247228	1969
CHEMBL251549	1969
CHEMBL273564	1969
CHEMBL374060	1969
CHEMBL479079	1969
CHEMBL581096	1969
CHEMBL588025	1969
CHEMBL1789961	7525
CHEMBL179311	7525
CHEMBL179465	7525
CHEMBL185939	7525
CHEMBL186213	7525
CHEMBL188257	7525
CHEMBL188381	7525
CHEMBL189148	7525
CHEMBL189459	7525
CHEMBL1909358	7525
CHEMBL1909359	7525
CHEMBL1909380	7525
CHEMBL1909381	7525
CHEMBL1909383	7525
CHEMBL1909396	7525
CHEMBL191705	7525
CHEMBL206010	7525
CHEMBL237347	7525
CHEMBL241517	7525
CHEMBL251549	7525
CHEMBL275473	7525
CHEMBL306865	7525
CHEMBL362155	7525
CHEMBL365297	7525
CHEMBL372474	7525
CHEMBL427159	7525
CHEMBL434729	7525
CHEMBL441702	7525
CHEMBL468963	7525
CHEMBL475761	7525
CHEMBL479079	7525
CHEMBL581096	7525
CHEMBL63728	7525
CHEMBL66004	7525
CHEMBL66292	7525
CHEMBL67241	7525
CHEMBL1794055	5563
CHEMBL1909349	5563
CHEMBL1956068	5563
CHEMBL272028	5563
CHEMBL409892	5563
CHEMBL1794052	5292
CHEMBL1794068	5292
CHEMBL1794069	5292
CHEMBL1794070	5292
CHEMBL185962	5292
CHEMBL188268	5292
CHEMBL189231	5292
CHEMBL1895450	5292
CHEMBL1909343	5292
CHEMBL1909384	5292
CHEMBL1956068	5292
CHEMBL260417	5292
CHEMBL272028	5292
CHEMBL456252	5292
CHEMBL463931	5292
CHEMBL468963	5292
CHEMBL477069	5292
CHEMBL506153	5292
CHEMBL156263	3718
CHEMBL160333	3718
CHEMBL1789963	3718
CHEMBL1794055	3718
CHEMBL218720	3718
CHEMBL260417	3718
CHEMBL270544	3718
CHEMBL271595	3718
CHEMBL359999	3718
CHEMBL373751	3718
CHEMBL409892	3718
CHEMBL1516890	9212
CHEMBL175321	9212
CHEMBL176857	9212
CHEMBL1789961	9212
CHEMBL1794055	9212
CHEMBL1794060	9212
CHEMBL187081	9212
CHEMBL1882194	9212
CHEMBL188381	9212
CHEMBL189353	9212
CHEMBL1909359	9212
CHEMBL1909360	9212
CHEMBL1909361	9212
CHEMBL1909362	9212
CHEMBL1956068	9212
CHEMBL206010	9212
CHEMBL247228	9212
CHEMBL251549	9212
CHEMBL271595	9212
CHEMBL273564	9212
CHEMBL359999	9212
CHEMBL361894	9212
CHEMBL373751	9212
CHEMBL409892	9212
CHEMBL468963	9212
CHEMBL473420	9212
CHEMBL475761	9212
CHEMBL495696	9212
CHEMBL588025	9212
CHEMBL1789961	640
CHEMBL179311	640
CHEMBL1794055	640
CHEMBL179465	640
CHEMBL188381	640
CHEMBL189353	640
CHEMBL1909358	640
CHEMBL1909359	640
CHEMBL1909380	640
CHEMBL1909381	640
CHEMBL1909383	640
CHEMBL206010	640
CHEMBL237347	640
CHEMBL251549	640
CHEMBL306865	640
CHEMBL365297	640
CHEMBL372474	640
CHEMBL373751	640
CHEMBL409892	640
CHEMBL434729	640
CHEMBL441702	640
CHEMBL479079	640
CHEMBL521806	640
CHEMBL581096	640
CHEMBL66004	640
CHEMBL67241	640
CHEMBL1789963	1859
CHEMBL1794050	1859
CHEMBL1794052	1859
CHEMBL1794055	1859
CHEMBL185962	1859
CHEMBL187081	1859
CHEMBL188048	1859
CHEMBL1882194	1859
CHEMBL189231	1859
CHEMBL1909343	1859
CHEMBL1909345	1859
CHEMBL1909347	1859
CHEMBL1909383	1859
CHEMBL206010	1859
CHEMBL2062289	1859
CHEMBL260417	1859
CHEMBL269827	1859
CHEMBL269883	1859
CHEMBL271595	1859
CHEMBL306865	1859
CHEMBL359963	1859
CHEMBL359999	1859
CHEMBL361894	1859
CHEMBL365248	1859
CHEMBL409892	1859
CHEMBL446024	1859
CHEMBL458865	1859
CHEMBL468963	1859
CHEMBL476259	1859
CHEMBL477069	1859
CHEMBL495696	1859
CHEMBL506153	1859
CHEMBL513330	1859
CHEMBL513897	1859
CHEMBL66292	1859
CHEMBL1794055	6446
CHEMBL1956068	6446
CHEMBL409892	6446
CHEMBL66004	6446
CHEMBL103115	6197
CHEMBL1794055	6197
CHEMBL1794064	6197
CHEMBL1794068	6197
CHEMBL185962	6197
CHEMBL188268	6197
CHEMBL189231	6197
CHEMBL1909349	6197
CHEMBL1909363	6197
CHEMBL1909384	6197
CHEMBL1956068	6197
CHEMBL220465	6197
CHEMBL427058	6197
CHEMBL458865	6197
CHEMBL463931	6197
CHEMBL476259	6197
CHEMBL506153	6197
CHEMBL458865	5261
CHEMBL476259	5261
CHEMBL477069	5261
CHEMBL365297	53944
CHEMBL468963	53944
CHEMBL476259	53944
CHEMBL477069	53944
CHEMBL513897	53944
CHEMBL1096290	208
CHEMBL1096626	208
CHEMBL1096634	208
CHEMBL1794065	208
CHEMBL1794066	208
CHEMBL1909349	208
CHEMBL1909350	208
CHEMBL103115	1021
CHEMBL1794055	1021
CHEMBL1794056	1021
CHEMBL1794057	1021
CHEMBL1794058	1021
CHEMBL1794059	1021
CHEMBL1794061	1021
CHEMBL187081	1021
CHEMBL1882194	1021
CHEMBL1909343	1021
CHEMBL1909347	1021
CHEMBL1909351	1021
CHEMBL1909383	1021
CHEMBL1909399	1021
CHEMBL206010	1021
CHEMBL2062290	1021
CHEMBL260417	1021
CHEMBL261129	1021
CHEMBL269827	1021
CHEMBL269883	1021
CHEMBL270054	1021
CHEMBL270544	1021
CHEMBL271595	1021
CHEMBL272026	1021
CHEMBL272028	1021
CHEMBL272165	1021
CHEMBL306865	1021
CHEMBL359999	1021
CHEMBL361894	1021
CHEMBL405042	1021
CHEMBL409892	1021
CHEMBL410072	1021
CHEMBL468963	1021
CHEMBL486124	1021
CHEMBL495696	1021
CHEMBL1956068	11200
CHEMBL450071	11200
CHEMBL458865	11200
CHEMBL476259	11200
CHEMBL477069	11200
CHEMBL511765	11200
CHEMBL513897	11200
CHEMBL365297	1455
CHEMBL468963	1455
CHEMBL476259	1455
CHEMBL477069	1455
CHEMBL1794055	6195
CHEMBL1794064	6195
CHEMBL185962	6195
CHEMBL188268	6195
CHEMBL189231	6195
CHEMBL1909349	6195
CHEMBL1909363	6195
CHEMBL1909384	6195
CHEMBL1909396	6195
CHEMBL1956068	6195
CHEMBL220465	6195
CHEMBL365286	6195
CHEMBL427058	6195
CHEMBL458865	6195
CHEMBL463931	6195
CHEMBL476259	6195
CHEMBL477069	6195
CHEMBL506153	6195
CHEMBL513897	6195
CHEMBL409892	1612
CHEMBL1789961	3932
CHEMBL1794073	3932
CHEMBL179465	3932
CHEMBL188257	3932
CHEMBL188381	3932
CHEMBL189148	3932
CHEMBL189353	3932
CHEMBL189459	3932
CHEMBL1909357	3932
CHEMBL1909358	3932
CHEMBL1909359	3932
CHEMBL1909380	3932
CHEMBL1909381	3932
CHEMBL1909383	3932
CHEMBL1909396	3932
CHEMBL206010	3932
CHEMBL237347	3932
CHEMBL241517	3932
CHEMBL251549	3932
CHEMBL306865	3932
CHEMBL365297	3932
CHEMBL372474	3932
CHEMBL373751	3932
CHEMBL441702	3932
CHEMBL479079	3932
CHEMBL581096	3932
CHEMBL588025	3932
CHEMBL63728	3932
CHEMBL66004	3932
CHEMBL66292	3932
CHEMBL67241	3932
CHEMBL1794055	23683
CHEMBL1882194	23683
CHEMBL189459	23683
CHEMBL1895450	23683
CHEMBL1909349	23683
CHEMBL205158	23683
CHEMBL271595	23683
CHEMBL361894	23683
CHEMBL409892	23683
CHEMBL434729	23683
CHEMBL456252	23683
CHEMBL458865	23683
CHEMBL463931	23683
CHEMBL468963	23683
CHEMBL476259	23683
CHEMBL477069	23683
CHEMBL495696	23683
CHEMBL513897	23683
CHEMBL1909363	5584
CHEMBL359999	6850
CHEMBL476259	6850
CHEMBL477069	6850
CHEMBL495696	6850
CHEMBL13868	1432
CHEMBL13972	1432
CHEMBL14014	1432
CHEMBL1785002	1432
CHEMBL1785003	1432
CHEMBL1785004	1432
CHEMBL1794071	1432
CHEMBL185939	1432
CHEMBL186213	1432
CHEMBL188257	1432
CHEMBL1885746	1432
CHEMBL1888586	1432
CHEMBL189148	1432
CHEMBL189459	1432
CHEMBL1909369	1432
CHEMBL1909372	1432
CHEMBL1909400	1432
CHEMBL1909401	1432
CHEMBL1909403	1432
CHEMBL1909404	1432
CHEMBL1909405	1432
CHEMBL1909406	1432
CHEMBL1909407	1432
CHEMBL1909412	1432
CHEMBL1909413	1432
CHEMBL237347	1432
CHEMBL241517	1432
CHEMBL269450	1432
CHEMBL269985	1432
CHEMBL273611	1432
CHEMBL274863	1432
CHEMBL275168	1432
CHEMBL275200	1432
CHEMBL275666	1432
CHEMBL275724	1432
CHEMBL275798	1432
CHEMBL318892	1432
CHEMBL330422	1432
CHEMBL361237	1432
CHEMBL362155	1432
CHEMBL365297	1432
CHEMBL365663	1432
CHEMBL402108	1432
CHEMBL417804	1432
CHEMBL418348	1432
CHEMBL427159	1432
CHEMBL428877	1432
CHEMBL434729	1432
CHEMBL476351	1432
CHEMBL477182	1432
CHEMBL477583	1432
CHEMBL485745	1432
CHEMBL495902	1432
CHEMBL516908	1432
CHEMBL517507	1432
CHEMBL517666	1432
CHEMBL581096	1432
CHEMBL95207	1432
CHEMBL95502	1432
CHEMBL1096626	2932
CHEMBL1096634	2932
CHEMBL156263	2932
CHEMBL156987	2932
CHEMBL160333	2932
CHEMBL160937	2932
CHEMBL1789961	2932
CHEMBL1789963	2932
CHEMBL1794055	2932
CHEMBL1794065	2932
CHEMBL1794066	2932
CHEMBL185962	2932
CHEMBL187081	2932
CHEMBL1882194	2932
CHEMBL188268	2932
CHEMBL189231	2932
CHEMBL189415	2932
CHEMBL189459	2932
CHEMBL1909343	2932
CHEMBL1909344	2932
CHEMBL1909345	2932
CHEMBL1909347	2932
CHEMBL1909349	2932
CHEMBL1909363	2932
CHEMBL1909383	2932
CHEMBL1909399	2932
CHEMBL1909412	2932
CHEMBL206010	2932
CHEMBL2062289	2932
CHEMBL2062290	2932
CHEMBL260417	2932
CHEMBL261129	2932
CHEMBL269827	2932
CHEMBL269883	2932
CHEMBL270054	2932
CHEMBL271595	2932
CHEMBL272026	2932
CHEMBL272028	2932
CHEMBL272165	2932
CHEMBL305477	2932
CHEMBL306865	2932
CHEMBL352222	2932
CHEMBL359963	2932
CHEMBL359999	2932
CHEMBL361894	2932
CHEMBL365248	2932
CHEMBL365297	2932
CHEMBL408564	2932
CHEMBL409892	2932
CHEMBL410072	2932
CHEMBL434729	2932
CHEMBL468963	2932
CHEMBL495696	2932
CHEMBL65884	2932
CHEMBL66292	2932
CHEMBL67241	2932
CHEMBL69757	2932
CHEMBL1909380	1445
CHEMBL1909396	1445
CHEMBL237347	1445
CHEMBL241517	1445
CHEMBL479079	1445
CHEMBL531804	1445
CHEMBL581096	1445
CHEMBL1789961	6714
CHEMBL1789962	6714
CHEMBL179311	6714
CHEMBL1794055	6714
CHEMBL1794060	6714
CHEMBL179465	6714
CHEMBL188257	6714
CHEMBL188381	6714
CHEMBL189353	6714
CHEMBL189459	6714
CHEMBL1909352	6714
CHEMBL1909357	6714
CHEMBL1909358	6714
CHEMBL1909359	6714
CHEMBL1909381	6714
CHEMBL1909382	6714
CHEMBL1909383	6714
CHEMBL1909396	6714
CHEMBL1909412	6714
CHEMBL1909413	6714
CHEMBL191705	6714
CHEMBL204934	6714
CHEMBL206010	6714
CHEMBL218088	6714
CHEMBL218859	6714
CHEMBL230911	6714
CHEMBL237347	6714
CHEMBL241517	6714
CHEMBL251549	6714
CHEMBL273564	6714
CHEMBL275473	6714
CHEMBL306865	6714
CHEMBL359999	6714
CHEMBL365297	6714
CHEMBL372474	6714
CHEMBL373751	6714
CHEMBL374060	6714
CHEMBL409892	6714
CHEMBL434729	6714
CHEMBL441702	6714
CHEMBL443563	6714
CHEMBL468963	6714
CHEMBL479079	6714
CHEMBL495696	6714
CHEMBL520037	6714
CHEMBL581096	6714
CHEMBL63728	6714
CHEMBL66004	6714
CHEMBL66292	6714
CHEMBL67241	6714
CHEMBL69757	6714
CHEMBL1789961	4486
CHEMBL1794055	4486
CHEMBL188381	4486
CHEMBL189353	4486
CHEMBL1909360	4486
CHEMBL1909383	4486
CHEMBL306865	4486
CHEMBL441702	4486
CHEMBL67241	4486
CHEMBL179311	2261
CHEMBL1794055	2261
CHEMBL179465	2261
CHEMBL1909358	2261
CHEMBL1909359	2261
CHEMBL1909396	2261
CHEMBL191705	2261
CHEMBL271595	2261
CHEMBL275473	2261
CHEMBL372474	2261
CHEMBL396107	2261
CHEMBL409892	2261
CHEMBL1882194	1452
CHEMBL1888586	1452
CHEMBL189459	1452
CHEMBL1909377	1452
CHEMBL1909404	1452
CHEMBL1909407	1452
CHEMBL318892	1452
CHEMBL330422	1452
CHEMBL365297	1452
CHEMBL434729	1452
CHEMBL458865	1452
CHEMBL468963	1452
CHEMBL476259	1452
CHEMBL477069	1452
CHEMBL485745	1452
CHEMBL495696	1452
CHEMBL95207	1452
CHEMBL95502	1452
CHEMBL1096626	3791
CHEMBL1096634	3791
CHEMBL1516890	3791
CHEMBL179311	3791
CHEMBL1794055	3791
CHEMBL1794065	3791
CHEMBL1794066	3791
CHEMBL1794073	3791
CHEMBL179465	3791
CHEMBL185238	3791
CHEMBL185962	3791
CHEMBL188257	3791
CHEMBL188381	3791
CHEMBL189353	3791
CHEMBL189459	3791
CHEMBL1909349	3791
CHEMBL1909350	3791
CHEMBL1909357	3791
CHEMBL1909358	3791
CHEMBL1909359	3791
CHEMBL1909360	3791
CHEMBL1909364	3791
CHEMBL1909366	3791
CHEMBL1909368	3791
CHEMBL1909369	3791
CHEMBL1909370	3791
CHEMBL1909372	3791
CHEMBL1909374	3791
CHEMBL1909375	3791
CHEMBL1909381	3791
CHEMBL1909383	3791
CHEMBL1909396	3791
CHEMBL1909412	3791
CHEMBL1909413	3791
CHEMBL191705	3791
CHEMBL1956068	3791
CHEMBL205158	3791
CHEMBL206010	3791
CHEMBL208437	3791
CHEMBL222419	3791
CHEMBL237347	3791
CHEMBL243907	3791
CHEMBL247228	3791
CHEMBL251549	3791
CHEMBL260417	3791
CHEMBL269883	3791
CHEMBL271595	3791
CHEMBL272414	3791
CHEMBL273564	3791
CHEMBL275473	3791
CHEMBL306865	3791
CHEMBL359999	3791
CHEMBL361237	3791
CHEMBL365297	3791
CHEMBL365663	3791
CHEMBL372474	3791
CHEMBL373751	3791
CHEMBL396107	3791
CHEMBL409892	3791
CHEMBL410072	3791
CHEMBL434729	3791
CHEMBL468963	3791
CHEMBL477583	3791
CHEMBL479079	3791
CHEMBL480382	3791
CHEMBL514162	3791
CHEMBL514499	3791
CHEMBL521806	3791
CHEMBL581096	3791
CHEMBL588025	3791
CHEMBL66292	3791
CHEMBL67241	3791
CHEMBL1956068	817
CHEMBL373751	817
CHEMBL458865	817
CHEMBL468963	817
CHEMBL476259	817
CHEMBL477069	817
CHEMBL495696	817
CHEMBL1516890	4914
CHEMBL175321	4914
CHEMBL176857	4914
CHEMBL1794055	4914
CHEMBL1794057	4914
CHEMBL188381	4914
CHEMBL189353	4914
CHEMBL1909360	4914
CHEMBL1909365	4914
CHEMBL1909368	4914
CHEMBL1909369	4914
CHEMBL1909370	4914
CHEMBL1909374	4914
CHEMBL1909396	4914
CHEMBL247228	4914
CHEMBL270544	4914
CHEMBL271595	4914
CHEMBL273564	4914
CHEMBL396107	4914
CHEMBL409892	4914
CHEMBL479079	4914
CHEMBL495696	4914
CHEMBL588025	4914
CHEMBL1794055	3716
CHEMBL1794073	3716
CHEMBL218720	3716
CHEMBL260417	3716
CHEMBL384073	3716
CHEMBL427058	3716
CHEMBL479079	3716
CHEMBL1096626	2931
CHEMBL1096634	2931
CHEMBL156263	2931
CHEMBL156987	2931
CHEMBL157258	2931
CHEMBL160333	2931
CHEMBL160876	2931
CHEMBL160937	2931
CHEMBL1789961	2931
CHEMBL1789963	2931
CHEMBL1794055	2931
CHEMBL1794065	2931
CHEMBL185962	2931
CHEMBL187081	2931
CHEMBL188048	2931
CHEMBL1882194	2931
CHEMBL188268	2931
CHEMBL189231	2931
CHEMBL189415	2931
CHEMBL1909343	2931
CHEMBL1909344	2931
CHEMBL1909345	2931
CHEMBL1909347	2931
CHEMBL1909349	2931
CHEMBL1909363	2931
CHEMBL1909383	2931
CHEMBL1909399	2931
CHEMBL206010	2931
CHEMBL2062289	2931
CHEMBL2062290	2931
CHEMBL260417	2931
CHEMBL261129	2931
CHEMBL269827	2931
CHEMBL269883	2931
CHEMBL270054	2931
CHEMBL270544	2931
CHEMBL271595	2931
CHEMBL272026	2931
CHEMBL272028	2931
CHEMBL272165	2931
CHEMBL303687	2931
CHEMBL305477	2931
CHEMBL306865	2931
CHEMBL346551	2931
CHEMBL352222	2931
CHEMBL359963	2931
CHEMBL359999	2931
CHEMBL361894	2931
CHEMBL365248	2931
CHEMBL365297	2931
CHEMBL408564	2931
CHEMBL409892	2931
CHEMBL410072	2931
CHEMBL434729	2931
CHEMBL468963	2931
CHEMBL495696	2931
CHEMBL65884	2931
CHEMBL66292	2931
CHEMBL67241	2931
CHEMBL69757	2931
CHEMBL1096626	5593
CHEMBL1096634	5593
CHEMBL1794055	5593
CHEMBL1794064	5593
CHEMBL1794065	5593
CHEMBL1794066	5593
CHEMBL185962	5593
CHEMBL188268	5593
CHEMBL189231	5593
CHEMBL1909349	5593
CHEMBL1909350	5593
CHEMBL1909363	5593
CHEMBL1909375	5593
CHEMBL1909384	5593
CHEMBL1956068	5593
CHEMBL220465	5593
CHEMBL269883	5593
CHEMBL272028	5593
CHEMBL365286	5593
CHEMBL427058	5593
CHEMBL441702	5593
CHEMBL468963	5593
CHEMBL506153	5593
CHEMBL66004	5593
CHEMBL1794066	5582
CHEMBL1909349	5582
CHEMBL1909363	5582
CHEMBL188381	3702
CHEMBL189353	3702
CHEMBL1794073	3717
CHEMBL218720	3717
CHEMBL251549	3717
CHEMBL479079	3717
CHEMBL1096634	9475
CHEMBL1794055	9475
CHEMBL1794064	9475
CHEMBL185962	9475
CHEMBL188048	9475
CHEMBL188268	9475
CHEMBL189231	9475
CHEMBL1909349	9475
CHEMBL1909360	9475
CHEMBL1909363	9475
CHEMBL1909384	9475
CHEMBL218720	9475
CHEMBL220465	9475
CHEMBL269827	9475
CHEMBL374453	9475
CHEMBL384073	9475
CHEMBL396107	9475
CHEMBL409892	9475
CHEMBL427058	9475
CHEMBL441702	9475
CHEMBL463931	9475
CHEMBL476259	9475
CHEMBL477069	9475
CHEMBL485598	9475
CHEMBL506153	9475
CHEMBL1909349	5578
CHEMBL318892	5578
CHEMBL359999	5578
CHEMBL468963	5578
CHEMBL495696	5578
CHEMBL506153	5578
CHEMBL186213	2066
CHEMBL188257	2066
CHEMBL188794	2066
CHEMBL189148	2066
CHEMBL189459	2066
CHEMBL1909355	2066
CHEMBL1909357	2066
CHEMBL1909358	2066
CHEMBL1909379	2066
CHEMBL1909380	2066
CHEMBL1909385	2066
CHEMBL1909386	2066
CHEMBL1909388	2066
CHEMBL1909390	2066
CHEMBL1909391	2066
CHEMBL1909392	2066
CHEMBL1909393	2066
CHEMBL1909394	2066
CHEMBL1909395	2066
CHEMBL1909408	2066
CHEMBL1909409	2066
CHEMBL1909410	2066
CHEMBL1909411	2066
CHEMBL1909415	2066
CHEMBL205765	2066
CHEMBL205798	2066
CHEMBL205966	2066
CHEMBL207247	2066
CHEMBL207410	2066
CHEMBL212250	2066
CHEMBL215993	2066
CHEMBL237347	2066
CHEMBL30432	2066
CHEMBL362155	2066
CHEMBL365297	2066
CHEMBL384407	2066
CHEMBL427159	2066
CHEMBL434729	2066
CHEMBL458865	2066
CHEMBL466412	2066
CHEMBL475599	2066
CHEMBL475761	2066
CHEMBL476259	2066
CHEMBL477069	2066
CHEMBL505187	2066
CHEMBL505915	2066
CHEMBL507329	2066
CHEMBL512076	2066
CHEMBL514938	2066
CHEMBL517123	2066
CHEMBL517907	2066
CHEMBL529066	2066
CHEMBL531804	2066
CHEMBL581096	2066
CHEMBL103104	1017
CHEMBL103115	1017
CHEMBL1794055	1017
CHEMBL187081	1017
CHEMBL1882194	1017
CHEMBL1909343	1017
CHEMBL1909347	1017
CHEMBL1909383	1017
CHEMBL1909399	1017
CHEMBL194062	1017
CHEMBL206010	1017
CHEMBL251549	1017
CHEMBL260417	1017
CHEMBL261129	1017
CHEMBL269827	1017
CHEMBL269883	1017
CHEMBL270054	1017
CHEMBL270544	1017
CHEMBL271595	1017
CHEMBL271843	1017
CHEMBL272026	1017
CHEMBL272028	1017
CHEMBL272165	1017
CHEMBL272414	1017
CHEMBL306865	1017
CHEMBL359963	1017
CHEMBL359999	1017
CHEMBL361894	1017
CHEMBL365248	1017
CHEMBL405042	1017
CHEMBL409892	1017
CHEMBL410072	1017
CHEMBL468963	1017
CHEMBL495696	1017
CHEMBL495771	1017
CHEMBL66292	1017
CHEMBL1794067	5347
CHEMBL1794068	5347
CHEMBL1794069	5347
CHEMBL1794070	5347
CHEMBL1895450	5347
CHEMBL222419	5347
CHEMBL456252	5347
CHEMBL458865	5347
CHEMBL463931	5347
CHEMBL471789	5347
CHEMBL473629	5347
CHEMBL480371	5347
CHEMBL480382	5347
CHEMBL481510	5347
CHEMBL493326	5347
CHEMBL511765	5347
CHEMBL513897	5347
CHEMBL514162	5347
CHEMBL514499	5347
CHEMBL516248	5347
CHEMBL518953	5347
CHEMBL520037	5347
CHEMBL521806	5347
CHEMBL522709	5347
CHEMBL103115	1018
CHEMBL1794055	1018
CHEMBL187081	1018
CHEMBL1882194	1018
CHEMBL1909343	1018
CHEMBL1909347	1018
CHEMBL1909383	1018
CHEMBL1909399	1018
CHEMBL194062	1018
CHEMBL206010	1018
CHEMBL260417	1018
CHEMBL261129	1018
CHEMBL269827	1018
CHEMBL269883	1018
CHEMBL270054	1018
CHEMBL270544	1018
CHEMBL271595	1018
CHEMBL271843	1018
CHEMBL272026	1018
CHEMBL272028	1018
CHEMBL272165	1018
CHEMBL359999	1018
CHEMBL361894	1018
CHEMBL405042	1018
CHEMBL409892	1018
CHEMBL410072	1018
CHEMBL468963	1018
CHEMBL495696	1018
CHEMBL1096634	5579
CHEMBL1794065	5579
CHEMBL1794066	5579
CHEMBL185962	5579
CHEMBL188268	5579
CHEMBL189231	5579
CHEMBL1909349	5579
CHEMBL1909363	5579
CHEMBL1909375	5579
CHEMBL1909384	5579
CHEMBL220465	5579
CHEMBL260417	5579
CHEMBL318892	5579
CHEMBL506153	5579
CHEMBL103115	983
CHEMBL1794055	983
CHEMBL187081	983
CHEMBL1882194	983
CHEMBL1909343	983
CHEMBL1909383	983
CHEMBL194062	983
CHEMBL206010	983
CHEMBL260417	983
CHEMBL269827	983
CHEMBL269883	983
CHEMBL270544	983
CHEMBL271595	983
CHEMBL272026	983
CHEMBL272028	983
CHEMBL272165	983
CHEMBL306865	983
CHEMBL359963	983
CHEMBL359999	983
CHEMBL361894	983
CHEMBL409892	983
CHEMBL410072	983
CHEMBL468963	983
CHEMBL495696	983
CHEMBL66292	983
CHEMBL175321	8986
CHEMBL1794055	8986
CHEMBL1794064	8986
CHEMBL185962	8986
CHEMBL188268	8986
CHEMBL189231	8986
CHEMBL1909349	8986
CHEMBL1909363	8986
CHEMBL1909384	8986
CHEMBL220465	8986
CHEMBL271595	8986
CHEMBL409892	8986
CHEMBL427058	8986
CHEMBL506153	8986
CHEMBL1794068	5293
CHEMBL1794069	5293
CHEMBL1794070	5293
CHEMBL1794073	5293
CHEMBL222419	5293
CHEMBL237347	5293
CHEMBL468963	5293
CHEMBL63728	5293
CHEMBL1794055	6093
CHEMBL185962	6093
CHEMBL188048	6093
CHEMBL188268	6093
CHEMBL189231	6093
CHEMBL1909349	6093
CHEMBL1909363	6093
CHEMBL1909384	6093
CHEMBL218720	6093
CHEMBL220465	6093
CHEMBL374453	6093
CHEMBL384073	6093
CHEMBL427058	6093
CHEMBL441702	6093
CHEMBL463931	6093
CHEMBL476259	6093
CHEMBL477069	6093
CHEMBL485598	6093
CHEMBL506153	6093
CHEMBL179311	3055
CHEMBL1794073	3055
CHEMBL179465	3055
CHEMBL188381	3055
CHEMBL1909352	3055
CHEMBL1909357	3055
CHEMBL1909358	3055
CHEMBL1909359	3055
CHEMBL1909381	3055
CHEMBL1909383	3055
CHEMBL1909396	3055
CHEMBL1909412	3055
CHEMBL1909413	3055
CHEMBL191705	3055
CHEMBL1956068	3055
CHEMBL206010	3055
CHEMBL218088	3055
CHEMBL218859	3055
CHEMBL218932	3055
CHEMBL222419	3055
CHEMBL237347	3055
CHEMBL241517	3055
CHEMBL251549	3055
CHEMBL306865	3055
CHEMBL365297	3055
CHEMBL372474	3055
CHEMBL373751	3055
CHEMBL374060	3055
CHEMBL409892	3055
CHEMBL479079	3055
CHEMBL581096	3055
CHEMBL66004	3055
CHEMBL66292	3055
CHEMBL1789963	5298
CHEMBL1794050	5298
CHEMBL1794052	5298
CHEMBL1794053	5298
CHEMBL188381	2048
CHEMBL189148	2048
CHEMBL189459	2048
CHEMBL1909352	2048
CHEMBL1909364	2048
CHEMBL1909365	2048
CHEMBL1909368	2048
CHEMBL1909369	2048
CHEMBL1909370	2048
CHEMBL1909372	2048
CHEMBL1909374	2048
CHEMBL1909396	2048
CHEMBL218088	2048
CHEMBL218859	2048
CHEMBL218932	2048
CHEMBL220243	2048
CHEMBL230911	2048
CHEMBL237347	2048
CHEMBL241517	2048
CHEMBL243907	2048
CHEMBL247228	2048
CHEMBL251549	2048
CHEMBL273564	2048
CHEMBL365297	2048
CHEMBL374060	2048
CHEMBL396107	2048
CHEMBL434729	2048
CHEMBL468963	2048
CHEMBL479079	2048
CHEMBL520037	2048
CHEMBL581096	2048
CHEMBL588025	2048
CHEMBL1794055	1019
CHEMBL187081	1019
CHEMBL1882194	1019
CHEMBL1909343	1019
CHEMBL1909347	1019
CHEMBL1909383	1019
CHEMBL260417	1019
CHEMBL261129	1019
CHEMBL269883	1019
CHEMBL270544	1019
CHEMBL271595	1019
CHEMBL272026	1019
CHEMBL272028	1019
CHEMBL272165	1019
CHEMBL306865	1019
CHEMBL359999	1019
CHEMBL361894	1019
CHEMBL409892	1019
CHEMBL410072	1019
CHEMBL468963	1019
CHEMBL495696	1019
CHEMBL495771	1019
CHEMBL1880739	5595
CHEMBL187081	1147
CHEMBL189148	1147
CHEMBL1909363	1147
CHEMBL1909415	1147
CHEMBL263796	1147
CHEMBL359963	1147
CHEMBL359999	1147
CHEMBL361894	1147
CHEMBL408564	1147
CHEMBL66004	1147
CHEMBL1096290	9641
CHEMBL1789963	9641
CHEMBL1794050	9641
CHEMBL1794052	9641
CHEMBL1794055	9641
CHEMBL1794065	9641
CHEMBL1794066	9641
CHEMBL1909342	9641
CHEMBL1909349	9641
CHEMBL1909361	9641
CHEMBL1909375	9641
CHEMBL1909384	9641
CHEMBL218088	9641
CHEMBL269883	9641
CHEMBL272165	9641
CHEMBL352222	9641
CHEMBL373751	9641
CHEMBL374060	9641
CHEMBL409892	9641
CHEMBL410072	9641
CHEMBL427159	9641
CHEMBL468963	9641
CHEMBL519881	9641
CHEMBL66004	9641
CHEMBL1794052	7297
CHEMBL1794055	7297
CHEMBL1794055	5604
CHEMBL272165	5604
CHEMBL409892	5604
CHEMBL495696	5604
CHEMBL1096290	5583
CHEMBL1096626	5583
CHEMBL1096634	5583
CHEMBL1794064	5583
CHEMBL1794065	5583
CHEMBL1794066	5583
CHEMBL185962	5583
CHEMBL188268	5583
CHEMBL189231	5583
CHEMBL1909349	5583
CHEMBL1909350	5583
CHEMBL1909363	5583
CHEMBL1909375	5583
CHEMBL1909384	5583
CHEMBL220465	5583
CHEMBL365286	5583
CHEMBL468963	5583
CHEMBL506153	5583
CHEMBL1789963	1457
CHEMBL1909383	1457
CHEMBL306865	1457
CHEMBL458865	1457
CHEMBL463931	1457
CHEMBL476259	1457
CHEMBL477069	1457
CHEMBL495696	1457
CHEMBL513897	1457
CHEMBL1909359	2260
CHEMBL1909396	2260
CHEMBL1789961	4233
CHEMBL1794055	4233
CHEMBL188381	4233
CHEMBL189353	4233
CHEMBL1909360	4233
CHEMBL1909383	4233
CHEMBL1909396	4233
CHEMBL1794066	2011
CHEMBL1909349	2011
CHEMBL1909375	2011
CHEMBL269883	2011
CHEMBL373751	2011
CHEMBL189353	660
CHEMBL1909352	660
CHEMBL1909360	660
CHEMBL1909381	660
CHEMBL1909396	660
CHEMBL237347	660
CHEMBL241517	660
CHEMBL247228	660
CHEMBL251549	660
CHEMBL273564	660
CHEMBL479079	660
CHEMBL581096	660
CHEMBL588025	660
CHEMBL1794068	4751
CHEMBL1794069	4751
CHEMBL1794055	5587
CHEMBL1882194	5587
CHEMBL189459	5587
CHEMBL1909349	5587
CHEMBL205158	5587
CHEMBL208437	5587
CHEMBL269883	5587
CHEMBL271595	5587
CHEMBL409892	5587
CHEMBL458865	5587
CHEMBL463931	5587
CHEMBL468963	5587
CHEMBL476259	5587
CHEMBL477069	5587
CHEMBL513897	5587
CHEMBL1789961	4067
CHEMBL179311	4067
CHEMBL1794073	4067
CHEMBL179465	4067
CHEMBL188257	4067
CHEMBL188381	4067
CHEMBL189353	4067
CHEMBL189459	4067
CHEMBL1909352	4067
CHEMBL1909357	4067
CHEMBL1909358	4067
CHEMBL1909359	4067
CHEMBL1909365	4067
CHEMBL1909368	4067
CHEMBL1909369	4067
CHEMBL1909381	4067
CHEMBL1909383	4067
CHEMBL1909396	4067
CHEMBL206010	4067
CHEMBL218088	4067
CHEMBL218859	4067
CHEMBL218932	4067
CHEMBL237347	4067
CHEMBL241517	4067
CHEMBL247228	4067
CHEMBL251549	4067
CHEMBL273564	4067
CHEMBL306865	4067
CHEMBL365297	4067
CHEMBL372474	4067
CHEMBL373751	4067
CHEMBL374060	4067
CHEMBL434729	4067
CHEMBL479079	4067
CHEMBL581096	4067
CHEMBL588025	4067
CHEMBL63728	4067
CHEMBL66004	4067
CHEMBL66292	4067
CHEMBL67241	4067
CHEMBL69757	4067
CHEMBL103115	6196
CHEMBL1794055	6196
CHEMBL185962	6196
CHEMBL188268	6196
CHEMBL189231	6196
CHEMBL1909349	6196
CHEMBL1909363	6196
CHEMBL1909384	6196
CHEMBL1956068	6196
CHEMBL220465	6196
CHEMBL260417	6196
CHEMBL271595	6196
CHEMBL273564	6196
CHEMBL365286	6196
CHEMBL409892	6196
CHEMBL427058	6196
CHEMBL476259	6196
CHEMBL506153	6196
CHEMBL588025	6196
CHEMBL1096626	5588
CHEMBL1096634	5588
CHEMBL1794065	5588
CHEMBL1794066	5588
CHEMBL188268	5588
CHEMBL189231	5588
CHEMBL1909349	5588
CHEMBL1909350	5588
CHEMBL1909363	5588
CHEMBL1909375	5588
CHEMBL468963	5588
CHEMBL1516890	6795
CHEMBL175321	6795
CHEMBL176857	6795
CHEMBL1789961	6795
CHEMBL1794055	6795
CHEMBL1794057	6795
CHEMBL1794058	6795
CHEMBL1794059	6795
CHEMBL1794060	6795
CHEMBL1794073	6795
CHEMBL187081	6795
CHEMBL1882194	6795
CHEMBL188381	6795
CHEMBL189353	6795
CHEMBL1909359	6795
CHEMBL1909360	6795
CHEMBL1909361	6795
CHEMBL1909362	6795
CHEMBL1909368	6795
CHEMBL1909369	6795
CHEMBL1909381	6795
CHEMBL1909382	6795
CHEMBL1909383	6795
CHEMBL1909396	6795
CHEMBL194062	6795
CHEMBL1956068	6795
CHEMBL206010	6795
CHEMBL218720	6795
CHEMBL222419	6795
CHEMBL247228	6795
CHEMBL251549	6795
CHEMBL269883	6795
CHEMBL270544	6795
CHEMBL271595	6795
CHEMBL273564	6795
CHEMBL306865	6795
CHEMBL359963	6795
CHEMBL359999	6795
CHEMBL361894	6795
CHEMBL365248	6795
CHEMBL373751	6795
CHEMBL396107	6795
CHEMBL405042	6795
CHEMBL409892	6795
CHEMBL443563	6795
CHEMBL468963	6795
CHEMBL473420	6795
CHEMBL479079	6795
CHEMBL495696	6795
CHEMBL495771	6795
CHEMBL581096	6795
CHEMBL588025	6795
CHEMBL66004	6795
CHEMBL67241	6795
CHEMBL13868	5600
CHEMBL14014	5600
CHEMBL188257	5600
CHEMBL1885746	5600
CHEMBL1888586	5600
CHEMBL189148	5600
CHEMBL189459	5600
CHEMBL1909369	5600
CHEMBL1909400	5600
CHEMBL1909403	5600
CHEMBL1909404	5600
CHEMBL1909407	5600
CHEMBL1909412	5600
CHEMBL241517	5600
CHEMBL273611	5600
CHEMBL275200	5600
CHEMBL275798	5600
CHEMBL318892	5600
CHEMBL330422	5600
CHEMBL362155	5600
CHEMBL365297	5600
CHEMBL417804	5600
CHEMBL427159	5600
CHEMBL428877	5600
CHEMBL476351	5600
CHEMBL477182	5600
CHEMBL477583	5600
CHEMBL516908	5600
CHEMBL95502	5600
CHEMBL156263	6793
CHEMBL1794067	6793
CHEMBL1794068	6793
CHEMBL1794069	6793
CHEMBL1794070	6793
CHEMBL1794071	6793
CHEMBL1794072	6793
CHEMBL1794073	6793
CHEMBL188257	6793
CHEMBL188381	6793
CHEMBL189353	6793
CHEMBL1909357	6793
CHEMBL1909358	6793
CHEMBL1909359	6793
CHEMBL1909360	6793
CHEMBL1909365	6793
CHEMBL1909368	6793
CHEMBL1909369	6793
CHEMBL1909372	6793
CHEMBL1909374	6793
CHEMBL1909383	6793
CHEMBL1909396	6793
CHEMBL1909414	6793
CHEMBL222419	6793
CHEMBL237570	6793
CHEMBL237571	6793
CHEMBL243907	6793
CHEMBL247228	6793
CHEMBL260417	6793
CHEMBL273564	6793
CHEMBL373751	6793
CHEMBL399410	6793
CHEMBL473629	6793
CHEMBL475761	6793
CHEMBL479079	6793
CHEMBL480382	6793
CHEMBL482326	6793
CHEMBL493326	6793
CHEMBL514162	6793
CHEMBL514499	6793
CHEMBL517907	6793
CHEMBL518953	6793
CHEMBL521806	6793
CHEMBL522709	6793
CHEMBL588025	6793
CHEMBL188381	2241
CHEMBL189353	2241
CHEMBL1895450	2241
CHEMBL1909359	2241
CHEMBL1909360	2241
CHEMBL1909396	2241
CHEMBL1956068	2241
CHEMBL359999	2241
CHEMBL450071	2241
CHEMBL456252	2241
CHEMBL458415	2241
CHEMBL458865	2241
CHEMBL463931	2241
CHEMBL476259	2241
CHEMBL477069	2241
CHEMBL505915	2241
CHEMBL511765	2241
CHEMBL513897	2241
CHEMBL514261	2241
CHEMBL1794055	7272
CHEMBL269827	7272
CHEMBL269883	7272
CHEMBL270544	7272
CHEMBL271595	7272
CHEMBL272026	7272
CHEMBL272028	7272
CHEMBL272165	7272
CHEMBL409892	7272
CHEMBL410072	7272
CHEMBL450071	7272
CHEMBL458438	7272
CHEMBL458865	7272
CHEMBL476259	7272
CHEMBL477069	7272
CHEMBL495771	7272
CHEMBL511765	7272
CHEMBL513897	7272
CHEMBL514261	7272
CHEMBL188381	2043
CHEMBL189459	2043
CHEMBL1909352	2043
CHEMBL1909364	2043
CHEMBL1909365	2043
CHEMBL1909368	2043
CHEMBL1909369	2043
CHEMBL1909370	2043
CHEMBL1909374	2043
CHEMBL1909381	2043
CHEMBL1909396	2043
CHEMBL218088	2043
CHEMBL218859	2043
CHEMBL218932	2043
CHEMBL220243	2043
CHEMBL230911	2043
CHEMBL237347	2043
CHEMBL241517	2043
CHEMBL243907	2043
CHEMBL247228	2043
CHEMBL251549	2043
CHEMBL273564	2043
CHEMBL365297	2043
CHEMBL373751	2043
CHEMBL374060	2043
CHEMBL479079	2043
CHEMBL520037	2043
CHEMBL581096	2043
CHEMBL588025	2043
CHEMBL66004	2043
CHEMBL1794055	5260
CHEMBL1956068	5260
CHEMBL269883	5260
CHEMBL272028	5260
CHEMBL373751	5260
CHEMBL450071	5260
CHEMBL458865	5260
CHEMBL463931	5260
CHEMBL468963	5260
CHEMBL476259	5260
CHEMBL477069	5260
CHEMBL495696	5260
CHEMBL1789963	5290
CHEMBL1794050	5290
CHEMBL1794052	5290
CHEMBL63728	5290
CHEMBL1789961	27
CHEMBL179311	27
CHEMBL1794060	27
CHEMBL1794073	27
CHEMBL179465	27
CHEMBL188381	27
CHEMBL189353	27
CHEMBL1909352	27
CHEMBL1909357	27
CHEMBL1909358	27
CHEMBL1909359	27
CHEMBL1909360	27
CHEMBL1909365	27
CHEMBL1909368	27
CHEMBL1909369	27
CHEMBL1909374	27
CHEMBL1909381	27
CHEMBL1909382	27
CHEMBL1909383	27
CHEMBL1909396	27
CHEMBL1909412	27
CHEMBL1909413	27
CHEMBL191705	27
CHEMBL204934	27
CHEMBL206010	27
CHEMBL208437	27
CHEMBL218088	27
CHEMBL218859	27
CHEMBL218932	27
CHEMBL220243	27
CHEMBL230911	27
CHEMBL241517	27
CHEMBL247228	27
CHEMBL251549	27
CHEMBL273564	27
CHEMBL306865	27
CHEMBL359999	27
CHEMBL365297	27
CHEMBL372474	27
CHEMBL443563	27
CHEMBL468963	27
CHEMBL479079	27
CHEMBL581096	27
CHEMBL588025	27
CHEMBL63728	27
CHEMBL65884	27
CHEMBL66004	27
CHEMBL66292	27
CHEMBL67241	27
CHEMBL69757	27
CHEMBL103115	1020
CHEMBL1794055	1020
CHEMBL187081	1020
CHEMBL1882194	1020
CHEMBL1909343	1020
CHEMBL1909383	1020
CHEMBL194062	1020
CHEMBL206010	1020
CHEMBL260417	1020
CHEMBL269827	1020
CHEMBL269883	1020
CHEMBL270054	1020
CHEMBL270544	1020
CHEMBL271595	1020
CHEMBL272026	1020
CHEMBL272028	1020
CHEMBL272165	1020
CHEMBL272414	1020
CHEMBL306865	1020
CHEMBL359963	1020
CHEMBL359999	1020
CHEMBL361894	1020
CHEMBL409892	1020
CHEMBL410072	1020
CHEMBL468963	1020
CHEMBL495696	1020
CHEMBL66292	1020
CHEMBL272165	5594
CHEMBL409892	5594
CHEMBL495696	5594
CHEMBL1096626	5562
CHEMBL1096634	5562
CHEMBL1794055	5562
CHEMBL1794065	5562
CHEMBL1794066	5562
CHEMBL1909349	5562
CHEMBL1956068	5562
CHEMBL269883	5562
CHEMBL270544	5562
CHEMBL271595	5562
CHEMBL272026	5562
CHEMBL272028	5562
CHEMBL272165	5562
CHEMBL373751	5562
CHEMBL409892	5562
CHEMBL410072	5562
CHEMBL427058	5562
CHEMBL1096626	5566
CHEMBL1096634	5566
CHEMBL1794066	5566
CHEMBL188268	5566
CHEMBL1909349	5566
CHEMBL1909363	5566
CHEMBL1909375	5566
CHEMBL1909384	5566
CHEMBL220465	5566
CHEMBL427058	5566
CHEMBL428877	5566
CHEMBL506153	5566
CHEMBL1789961	7010
CHEMBL1794073	7010
CHEMBL188381	7010
CHEMBL189353	7010
CHEMBL1909359	7010
CHEMBL1909360	7010
CHEMBL1909365	7010
CHEMBL1909368	7010
CHEMBL1909369	7010
CHEMBL1909370	7010
CHEMBL1909372	7010
CHEMBL1909374	7010
CHEMBL1909396	7010
CHEMBL237347	7010
CHEMBL237570	7010
CHEMBL237571	7010
CHEMBL243907	7010
CHEMBL247228	7010
CHEMBL273564	7010
CHEMBL396107	7010
CHEMBL399410	7010
CHEMBL588025	7010
CHEMBL179311	2263
CHEMBL1794055	2263
CHEMBL179465	2263
CHEMBL188381	2263
CHEMBL1909358	2263
CHEMBL1909359	2263
CHEMBL1909396	2263
CHEMBL191705	2263
CHEMBL271595	2263
CHEMBL273564	2263
CHEMBL275473	2263
CHEMBL372474	2263
CHEMBL396107	2263
CHEMBL409892	2263
CHEMBL588025	2263
CHEMBL458865	815
CHEMBL188257	5601
CHEMBL1885746	5601
CHEMBL1888586	5601
CHEMBL189148	5601
CHEMBL189459	5601
CHEMBL1909403	5601
CHEMBL1909404	5601
CHEMBL318892	5601
CHEMBL361894	5601
CHEMBL365297	5601
CHEMBL434729	5601
CHEMBL450071	5601
CHEMBL458865	5601
CHEMBL476259	5601
CHEMBL477069	5601
CHEMBL513897	5601
CHEMBL514261	5601
CHEMBL1789961	2872
CHEMBL188381	2872
CHEMBL1909352	2872
CHEMBL1909355	2872
CHEMBL1909383	2872
CHEMBL1909396	2872
CHEMBL206010	2872
CHEMBL273564	2872
CHEMBL306865	2872
CHEMBL373751	2872
CHEMBL384073	2872
CHEMBL67241	2872
CHEMBL1909358	2444
CHEMBL1909381	2444
CHEMBL1909396	2444
CHEMBL237347	2444
CHEMBL251549	2444
CHEMBL581096	2444
CHEMBL1789963	1196
CHEMBL179311	1196
CHEMBL1794050	1196
CHEMBL1794052	1196
CHEMBL1794055	1196
CHEMBL179465	1196
CHEMBL183993	1196
CHEMBL187081	1196
CHEMBL1882194	1196
CHEMBL188426	1196
CHEMBL189415	1196
CHEMBL1895450	1196
CHEMBL1909349	1196
CHEMBL1909383	1196
CHEMBL191705	1196
CHEMBL269883	1196
CHEMBL271595	1196
CHEMBL272026	1196
CHEMBL272028	1196
CHEMBL359963	1196
CHEMBL359999	1196
CHEMBL361894	1196
CHEMBL365248	1196
CHEMBL409892	1196
CHEMBL410072	1196
CHEMBL446024	1196
CHEMBL450071	1196
CHEMBL456252	1196
CHEMBL458865	1196
CHEMBL463931	1196
CHEMBL468963	1196
CHEMBL476259	1196
CHEMBL477069	1196
CHEMBL495696	1196
CHEMBL495771	1196
CHEMBL511765	1196
CHEMBL513897	1196
CHEMBL1789963	1198
CHEMBL187081	1198
CHEMBL359999	1198
CHEMBL361894	1198
CHEMBL365248	1198
CHEMBL495696	1198
CHEMBL1794064	9252
CHEMBL185962	9252
CHEMBL188048	9252
CHEMBL188268	9252
CHEMBL189231	9252
CHEMBL1909349	9252
CHEMBL1909363	9252
CHEMBL1909384	9252
CHEMBL220465	9252
CHEMBL365286	9252
CHEMBL427058	9252
CHEMBL506153	9252
CHEMBL1794073	7006
CHEMBL1909352	7006
CHEMBL1909359	7006
CHEMBL1909381	7006
CHEMBL230911	7006
CHEMBL237347	7006
CHEMBL241517	7006
CHEMBL251549	7006
CHEMBL479079	7006
CHEMBL581096	7006
CHEMBL1895450	238
CHEMBL1956068	238
CHEMBL260417	238
CHEMBL450071	238
CHEMBL456252	238
CHEMBL458415	238
CHEMBL458438	238
CHEMBL458865	238
CHEMBL463931	238
CHEMBL467581	238
CHEMBL468963	238
CHEMBL476259	238
CHEMBL477069	238
CHEMBL505915	238
CHEMBL511765	238
CHEMBL513897	238
CHEMBL514261	238
CHEMBL517171	238
CHEMBL1096626	5592
CHEMBL1096634	5592
CHEMBL1794066	5592
CHEMBL185962	5592
CHEMBL189231	5592
CHEMBL1909349	5592
CHEMBL1909363	5592
CHEMBL1909375	5592
CHEMBL1909384	5592
CHEMBL220465	5592
CHEMBL272028	5592
CHEMBL359999	5592
CHEMBL427058	5592
CHEMBL441702	5592
CHEMBL458865	5592
CHEMBL495696	5592
CHEMBL506153	5592
CHEMBL1096290	207
CHEMBL1096626	207
CHEMBL1096634	207
CHEMBL1794065	207
CHEMBL1794066	207
CHEMBL1909349	207
CHEMBL1909350	207
CHEMBL1909375	207
CHEMBL1096626	106821730
CHEMBL1096634	106821730
CHEMBL1794065	106821730
CHEMBL1794066	106821730
CHEMBL1909349	106821730
CHEMBL1909375	106821730
CHEMBL179311	7294
CHEMBL1794073	7294
CHEMBL179465	7294
CHEMBL1909359	7294
CHEMBL1909360	7294
CHEMBL1909361	7294
CHEMBL1909412	7294
CHEMBL191705	7294
CHEMBL230911	7294
CHEMBL237347	7294
CHEMBL241517	7294
CHEMBL251549	7294
CHEMBL479079	7294
CHEMBL581096	7294
CHEMBL1909343	8445
CHEMBL1909383	8445
CHEMBL1909384	8445
CHEMBL206010	8445
CHEMBL260417	8445
CHEMBL269827	8445
CHEMBL306865	8445
CHEMBL361894	8445
CHEMBL477069	8445
CHEMBL495696	8445
CHEMBL1789962	2268
CHEMBL179311	2268
CHEMBL179465	2268
CHEMBL185939	2268
CHEMBL188257	2268
CHEMBL188381	2268
CHEMBL189148	2268
CHEMBL189353	2268
CHEMBL189459	2268
CHEMBL1909352	2268
CHEMBL1909358	2268
CHEMBL1909359	2268
CHEMBL1909381	2268
CHEMBL1909383	2268
CHEMBL1909396	2268
CHEMBL206010	2268
CHEMBL237347	2268
CHEMBL251549	2268
CHEMBL306865	2268
CHEMBL362155	2268
CHEMBL365297	2268
CHEMBL372474	2268
CHEMBL373751	2268
CHEMBL427159	2268
CHEMBL434729	2268
CHEMBL479079	2268
CHEMBL581096	2268
CHEMBL66004	2268
CHEMBL66292	2268
CHEMBL67241	2268
CHEMBL185962	6198
CHEMBL188048	6198
CHEMBL188240	6198
CHEMBL188268	6198
CHEMBL189231	6198
CHEMBL1909349	6198
CHEMBL1909363	6198
CHEMBL1909368	6198
CHEMBL1909384	6198
CHEMBL1909396	6198
CHEMBL1956068	6198
CHEMBL220465	6198
CHEMBL247228	6198
CHEMBL273564	6198
CHEMBL365286	6198
CHEMBL396107	6198
CHEMBL506153	6198
CHEMBL588025	6198
CHEMBL188268	8476
CHEMBL189231	8476
CHEMBL1909349	8476
CHEMBL1909384	8476
CHEMBL220465	8476
CHEMBL427058	8476
CHEMBL506153	8476
CHEMBL1794052	11040
CHEMBL1794053	11040
CHEMBL1956068	11040
CHEMBL260417	11040
CHEMBL468963	11040
CHEMBL1096626	57144
CHEMBL1096634	57144
CHEMBL1794065	57144
CHEMBL1794066	57144
CHEMBL1909349	57144
CHEMBL1794055	9024
CHEMBL1794067	9024
CHEMBL1794068	9024
CHEMBL1794069	9024
CHEMBL1794070	9024
CHEMBL1909349	9024
CHEMBL1909383	9024
CHEMBL1956068	9024
CHEMBL222419	9024
CHEMBL260417	9024
CHEMBL269883	9024
CHEMBL270544	9024
CHEMBL271595	9024
CHEMBL272028	9024
CHEMBL272165	9024
CHEMBL272414	9024
CHEMBL306865	9024
CHEMBL373751	9024
CHEMBL407113	9024
CHEMBL409892	9024
CHEMBL410072	9024
CHEMBL473629	9024
CHEMBL480382	9024
CHEMBL514499	9024
CHEMBL521806	9024
CHEMBL66292	9024
CHEMBL1096634	9833
CHEMBL175321	9833
CHEMBL1794055	9833
CHEMBL1794066	9833
CHEMBL185962	9833
CHEMBL187081	9833
CHEMBL1882194	9833
CHEMBL188268	9833
CHEMBL189231	9833
CHEMBL1909349	9833
CHEMBL1909350	9833
CHEMBL1909363	9833
CHEMBL1909384	9833
CHEMBL1956068	9833
CHEMBL269883	9833
CHEMBL271595	9833
CHEMBL272028	9833
CHEMBL272165	9833
CHEMBL361894	9833
CHEMBL409892	9833
CHEMBL410072	9833
CHEMBL458865	9833
CHEMBL468963	9833
CHEMBL476259	9833
CHEMBL477069	9833
CHEMBL495696	9833
CHEMBL506153	9833
CHEMBL520037	9833
CHEMBL63728	9833
CHEMBL66004	9833
CHEMBL160333	6789
CHEMBL175321	6789
CHEMBL1789963	6789
CHEMBL1794055	6789
CHEMBL1794056	6789
CHEMBL1794057	6789
CHEMBL1794058	6789
CHEMBL1794068	6789
CHEMBL1794069	6789
CHEMBL1909360	6789
CHEMBL222419	6789
CHEMBL269827	6789
CHEMBL269883	6789
CHEMBL270054	6789
CHEMBL270544	6789
CHEMBL271595	6789
CHEMBL271843	6789
CHEMBL272026	6789
CHEMBL272028	6789
CHEMBL272165	6789
CHEMBL272414	6789
CHEMBL352222	6789
CHEMBL373751	6789
CHEMBL405042	6789
CHEMBL409892	6789
CHEMBL410072	6789
CHEMBL480382	6789
CHEMBL514499	6789
CHEMBL1909360	10188
CHEMBL237347	10188
CHEMBL458865	10188
CHEMBL479079	10188
CHEMBL1794073	5753
CHEMBL188257	5753
CHEMBL188381	5753
CHEMBL189459	5753
CHEMBL1909352	5753
CHEMBL1909354	5753
CHEMBL1909357	5753
CHEMBL1909358	5753
CHEMBL1909359	5753
CHEMBL1909380	5753
CHEMBL1909381	5753
CHEMBL1909383	5753
CHEMBL1909412	5753
CHEMBL1909413	5753
CHEMBL218088	5753
CHEMBL218859	5753
CHEMBL218932	5753
CHEMBL220243	5753
CHEMBL237347	5753
CHEMBL237570	5753
CHEMBL237571	5753
CHEMBL251549	5753
CHEMBL263796	5753
CHEMBL365297	5753
CHEMBL374060	5753
CHEMBL434729	5753
CHEMBL476259	5753
CHEMBL477069	5753
CHEMBL479079	5753
CHEMBL581096	5753
CHEMBL67241	5753
CHEMBL1794060	1111
CHEMBL1794073	1111
CHEMBL1956068	1111
CHEMBL66004	1111
CHEMBL588025	6300
CHEMBL160333	6788
CHEMBL175321	6788
CHEMBL1789963	6788
CHEMBL1794055	6788
CHEMBL1794057	6788
CHEMBL1794068	6788
CHEMBL222419	6788
CHEMBL269827	6788
CHEMBL269883	6788
CHEMBL270054	6788
CHEMBL270544	6788
CHEMBL271595	6788
CHEMBL271843	6788
CHEMBL272026	6788
CHEMBL272028	6788
CHEMBL272165	6788
CHEMBL272414	6788
CHEMBL352222	6788
CHEMBL373751	6788
CHEMBL409892	6788
CHEMBL410072	6788
CHEMBL480382	6788
CHEMBL514499	6788
CHEMBL188381	8569
CHEMBL1909347	8569
CHEMBL1909352	8569
CHEMBL1909355	8569
CHEMBL1909383	8569
CHEMBL206010	8569
CHEMBL2062290	8569
CHEMBL260417	8569
CHEMBL261129	8569
CHEMBL306865	8569
CHEMBL67241	8569
CHEMBL1516890	6790
CHEMBL175321	6790
CHEMBL176857	6790
CHEMBL1789961	6790
CHEMBL1789963	6790
CHEMBL1794050	6790
CHEMBL1794052	6790
CHEMBL1794055	6790
CHEMBL1794057	6790
CHEMBL1794060	6790
CHEMBL1794073	6790
CHEMBL187081	6790
CHEMBL188257	6790
CHEMBL188381	6790
CHEMBL189353	6790
CHEMBL1909359	6790
CHEMBL1909360	6790
CHEMBL1909361	6790
CHEMBL1909362	6790
CHEMBL1909381	6790
CHEMBL1909382	6790
CHEMBL1909383	6790
CHEMBL194062	6790
CHEMBL1956068	6790
CHEMBL218720	6790
CHEMBL220465	6790
CHEMBL251549	6790
CHEMBL269883	6790
CHEMBL270544	6790
CHEMBL271595	6790
CHEMBL272165	6790
CHEMBL272414	6790
CHEMBL273564	6790
CHEMBL306865	6790
CHEMBL359963	6790
CHEMBL359999	6790
CHEMBL361894	6790
CHEMBL373751	6790
CHEMBL374453	6790
CHEMBL384073	6790
CHEMBL409892	6790
CHEMBL410072	6790
CHEMBL441702	6790
CHEMBL443563	6790
CHEMBL468963	6790
CHEMBL479079	6790
CHEMBL485598	6790
CHEMBL495696	6790
CHEMBL588025	6790
CHEMBL66004	6790
CHEMBL67241	6790
CHEMBL175321	5163
CHEMBL1794055	5163
CHEMBL1956068	5163
CHEMBL269883	5163
CHEMBL270544	5163
CHEMBL271595	5163
CHEMBL272028	5163
CHEMBL272165	5163
CHEMBL409892	5163
CHEMBL410072	5163
CHEMBL1096290	10000
CHEMBL1096626	10000
CHEMBL1096634	10000
CHEMBL1794065	10000
CHEMBL1794066	10000
CHEMBL1909349	10000
CHEMBL1909350	10000
CHEMBL1909375	10000
CHEMBL514938	10000
CHEMBL1895450	558
CHEMBL1909368	558
CHEMBL1909396	558
CHEMBL456252	558
CHEMBL463931	558
CHEMBL468963	558
CHEMBL476259	558
CHEMBL477069	558
CHEMBL511765	558
CHEMBL513897	558
CHEMBL1516890	4915
CHEMBL175321	4915
CHEMBL176857	4915
CHEMBL1794055	4915
CHEMBL1794056	4915
CHEMBL1794057	4915
CHEMBL1794058	4915
CHEMBL188381	4915
CHEMBL189353	4915
CHEMBL1909365	4915
CHEMBL1909368	4915
CHEMBL1909369	4915
CHEMBL1909396	4915
CHEMBL247228	4915
CHEMBL261849	4915
CHEMBL270544	4915
CHEMBL271595	4915
CHEMBL272165	4915
CHEMBL272414	4915
CHEMBL273564	4915
CHEMBL373751	4915
CHEMBL396107	4915
CHEMBL405042	4915
CHEMBL409892	4915
CHEMBL495696	4915
CHEMBL588025	4915
CHEMBL1794055	25865
CHEMBL1882194	25865
CHEMBL189459	25865
CHEMBL1909349	25865
CHEMBL205158	25865
CHEMBL208437	25865
CHEMBL269883	25865
CHEMBL271595	25865
CHEMBL361237	25865
CHEMBL365297	25865
CHEMBL409892	25865
CHEMBL434729	25865
CHEMBL458865	25865
CHEMBL463931	25865
CHEMBL468963	25865
CHEMBL476259	25865
CHEMBL477069	25865
CHEMBL495771	25865
CHEMBL513897	25865
CHEMBL1909396	2049
CHEMBL237347	2049
CHEMBL247228	2049
CHEMBL273564	2049
CHEMBL581096	2049
CHEMBL588025	2049
CHEMBL103115	27330
CHEMBL1794055	27330
CHEMBL1794068	27330
CHEMBL1956068	27330
CHEMBL260417	27330
CHEMBL271595	27330
CHEMBL409892	27330
CHEMBL458865	27330
CHEMBL476259	27330
CHEMBL477069	27330
CHEMBL1909369	2042
CHEMBL1909396	2042
CHEMBL237347	2042
CHEMBL241517	2042
CHEMBL251549	2042
CHEMBL273564	2042
CHEMBL581096	2042
CHEMBL188268	9578
CHEMBL189231	9578
CHEMBL1909349	9578
CHEMBL1909363	9578
CHEMBL1909384	9578
CHEMBL220465	9578
CHEMBL427058	9578
CHEMBL506153	9578
CHEMBL458865	57118
CHEMBL476259	57118
CHEMBL477069	57118
CHEMBL189459	1456
CHEMBL318892	1456
CHEMBL365297	1456
CHEMBL458865	1456
CHEMBL468963	1456
CHEMBL476259	1456
CHEMBL477069	1456
CHEMBL513897	1456
CHEMBL188257	4921
CHEMBL188381	4921
CHEMBL189148	4921
CHEMBL189459	4921
CHEMBL1909359	4921
CHEMBL1909360	4921
CHEMBL1909361	4921
CHEMBL1909364	4921
CHEMBL1909365	4921
CHEMBL1909366	4921
CHEMBL1909367	4921
CHEMBL1909368	4921
CHEMBL1909369	4921
CHEMBL1909370	4921
CHEMBL1909371	4921
CHEMBL1909372	4921
CHEMBL1909374	4921
CHEMBL1909396	4921
CHEMBL237347	4921
CHEMBL243907	4921
CHEMBL247228	4921
CHEMBL251549	4921
CHEMBL273564	4921
CHEMBL365297	4921
CHEMBL396107	4921
CHEMBL581096	4921
CHEMBL588025	4921
CHEMBL1794055	673
CHEMBL1794071	673
CHEMBL1794072	673
CHEMBL1909368	673
CHEMBL1909412	673
CHEMBL1909414	673
CHEMBL272165	673
CHEMBL409892	673
CHEMBL495696	673
CHEMBL189459	2050
CHEMBL1909358	2050
CHEMBL1909365	2050
CHEMBL1909368	2050
CHEMBL1909369	2050
CHEMBL1909396	2050
CHEMBL237347	2050
CHEMBL241517	2050
CHEMBL247228	2050
CHEMBL251549	2050
CHEMBL263796	2050
CHEMBL273564	2050
CHEMBL365297	2050
CHEMBL374060	2050
CHEMBL479079	2050
CHEMBL581096	2050
CHEMBL588025	2050
CHEMBL237347	695
CHEMBL1794067	91754
CHEMBL1794068	91754
CHEMBL1794069	91754
CHEMBL1794070	91754
CHEMBL222419	91754
CHEMBL359999	91754
CHEMBL493326	91754
CHEMBL514162	91754
CHEMBL514499	91754
CHEMBL519881	91754
CHEMBL520037	91754
CHEMBL522709	91754
CHEMBL103115	7301
CHEMBL1909381	7301
CHEMBL1909382	7301
CHEMBL1909383	7301
CHEMBL1956068	7301
CHEMBL251549	7301
CHEMBL175321	5871
CHEMBL1794055	5871
CHEMBL187081	5871
CHEMBL188381	5871
CHEMBL247228	5871
CHEMBL271595	5871
CHEMBL273564	5871
CHEMBL359999	5871
CHEMBL361894	5871
CHEMBL468963	5871
CHEMBL476259	5871
CHEMBL588025	5871
CHEMBL1909359	10461
CHEMBL1909360	10461
CHEMBL1909383	10461
CHEMBL1909391	10461
CHEMBL1909396	10461
CHEMBL1956068	10461
CHEMBL373751	10461
CHEMBL176857	8711
CHEMBL1789961	8711
CHEMBL1789963	8711
CHEMBL179311	8711
CHEMBL1794050	8711
CHEMBL1794052	8711
CHEMBL1794055	8711
CHEMBL1794073	8711
CHEMBL179453	8711
CHEMBL179465	8711
CHEMBL187081	8711
CHEMBL1880739	8711
CHEMBL188257	8711
CHEMBL188381	8711
CHEMBL189353	8711
CHEMBL1895450	8711
CHEMBL1909352	8711
CHEMBL1909353	8711
CHEMBL1909354	8711
CHEMBL1909358	8711
CHEMBL1909359	8711
CHEMBL1909361	8711
CHEMBL1909368	8711
CHEMBL1909381	8711
CHEMBL1909383	8711
CHEMBL1909396	8711
CHEMBL191705	8711
CHEMBL1956068	8711
CHEMBL222419	8711
CHEMBL251549	8711
CHEMBL270544	8711
CHEMBL273564	8711
CHEMBL275473	8711
CHEMBL306865	8711
CHEMBL359999	8711
CHEMBL361894	8711
CHEMBL372474	8711
CHEMBL373751	8711
CHEMBL409892	8711
CHEMBL450071	8711
CHEMBL456252	8711
CHEMBL458865	8711
CHEMBL463931	8711
CHEMBL468963	8711
CHEMBL476259	8711
CHEMBL477069	8711
CHEMBL479079	8711
CHEMBL480382	8711
CHEMBL495696	8711
CHEMBL511765	8711
CHEMBL513897	8711
CHEMBL514162	8711
CHEMBL514261	8711
CHEMBL514499	8711
CHEMBL521806	8711
CHEMBL588025	8711
CHEMBL1789963	415116
CHEMBL1794052	415116
CHEMBL1794069	415116
CHEMBL188268	415116
CHEMBL189231	415116
CHEMBL1909343	415116
CHEMBL1909384	415116
CHEMBL1956068	415116
CHEMBL260417	415116
CHEMBL463931	415116
CHEMBL468963	415116
CHEMBL506153	415116
CHEMBL160333	29110
CHEMBL1789963	29110
CHEMBL1794055	29110
CHEMBL1794065	29110
CHEMBL1794066	29110
CHEMBL183993	29110
CHEMBL188426	29110
CHEMBL1909349	29110
CHEMBL1909375	29110
CHEMBL1956068	29110
CHEMBL206010	29110
CHEMBL269827	29110
CHEMBL269883	29110
CHEMBL271595	29110
CHEMBL272165	29110
CHEMBL272414	29110
CHEMBL352222	29110
CHEMBL373751	29110
CHEMBL409892	29110
CHEMBL410072	29110
CHEMBL463931	29110
CHEMBL468963	29110
CHEMBL473629	29110
CHEMBL514162	29110
CHEMBL519881	29110
CHEMBL520037	29110
CHEMBL521806	29110
CHEMBL1909374	26576
CHEMBL273564	26576
CHEMBL1789963	204851
CHEMBL1794052	204851
CHEMBL183993	204851
CHEMBL187081	204851
CHEMBL1882194	204851
CHEMBL188426	204851
CHEMBL189415	204851
CHEMBL1909343	204851
CHEMBL1909349	204851
CHEMBL1909383	204851
CHEMBL1909396	204851
CHEMBL260417	204851
CHEMBL306865	204851
CHEMBL359963	204851
CHEMBL359999	204851
CHEMBL361894	204851
CHEMBL365248	204851
CHEMBL409892	204851
CHEMBL458865	204851
CHEMBL468963	204851
CHEMBL476259	204851
CHEMBL477069	204851
CHEMBL495696	204851
CHEMBL511765	204851
CHEMBL513330	204851
CHEMBL513897	204851
CHEMBL66292	204851
CHEMBL187081	2242
CHEMBL1895450	2242
CHEMBL1909359	2242
CHEMBL359999	2242
CHEMBL456252	2242
CHEMBL458415	2242
CHEMBL458865	2242
CHEMBL463931	2242
CHEMBL476259	2242
CHEMBL477069	2242
CHEMBL505915	2242
CHEMBL511765	2242
CHEMBL513897	2242
CHEMBL514261	2242
CHEMBL1794055	2185
CHEMBL187081	2185
CHEMBL1882194	2185
CHEMBL188381	2185
CHEMBL1895450	2185
CHEMBL1909349	2185
CHEMBL1909360	2185
CHEMBL1909361	2185
CHEMBL1909362	2185
CHEMBL1909396	2185
CHEMBL1956068	2185
CHEMBL251549	2185
CHEMBL359999	2185
CHEMBL361894	2185
CHEMBL365248	2185
CHEMBL434729	2185
CHEMBL450071	2185
CHEMBL456252	2185
CHEMBL458415	2185
CHEMBL458438	2185
CHEMBL458865	2185
CHEMBL463931	2185
CHEMBL468963	2185
CHEMBL476259	2185
CHEMBL477069	2185
CHEMBL479079	2185
CHEMBL495696	2185
CHEMBL505915	2185
CHEMBL511765	2185
CHEMBL513897	2185
CHEMBL514261	2185
CHEMBL517171	2185
CHEMBL588025	2185
CHEMBL1895450	3645
CHEMBL450071	3645
CHEMBL456252	3645
CHEMBL458415	3645
CHEMBL458865	3645
CHEMBL463931	3645
CHEMBL476259	3645
CHEMBL477069	3645
CHEMBL511765	3645
CHEMBL513897	3645
CHEMBL514261	3645
CHEMBL103115	50488
CHEMBL175321	50488
CHEMBL1789961	50488
CHEMBL1789963	50488
CHEMBL1794050	50488
CHEMBL1794052	50488
CHEMBL1794053	50488
CHEMBL1794055	50488
CHEMBL1794056	50488
CHEMBL1794057	50488
CHEMBL1794058	50488
CHEMBL1794059	50488
CHEMBL1794073	50488
CHEMBL187081	50488
CHEMBL1880739	50488
CHEMBL188381	50488
CHEMBL1888586	50488
CHEMBL189353	50488
CHEMBL189459	50488
CHEMBL1909351	50488
CHEMBL1909359	50488
CHEMBL1909383	50488
CHEMBL1956068	50488
CHEMBL202891	50488
CHEMBL205158	50488
CHEMBL206010	50488
CHEMBL208437	50488
CHEMBL241517	50488
CHEMBL260417	50488
CHEMBL269827	50488
CHEMBL269883	50488
CHEMBL270054	50488
CHEMBL271595	50488
CHEMBL271843	50488
CHEMBL272414	50488
CHEMBL306865	50488
CHEMBL359999	50488
CHEMBL362155	50488
CHEMBL365297	50488
CHEMBL373751	50488
CHEMBL405021	50488
CHEMBL405042	50488
CHEMBL409892	50488
CHEMBL419903	50488
CHEMBL458865	50488
CHEMBL468963	50488
CHEMBL476259	50488
CHEMBL477069	50488
CHEMBL480382	50488
CHEMBL495696	50488
CHEMBL513897	50488
CHEMBL514162	50488
CHEMBL581096	50488
CHEMBL66292	50488
CHEMBL1789963	9149
CHEMBL1794052	9149
CHEMBL1794055	9149
CHEMBL185962	9149
CHEMBL187081	9149
CHEMBL188048	9149
CHEMBL1882194	9149
CHEMBL189231	9149
CHEMBL1909343	9149
CHEMBL1909345	9149
CHEMBL1909347	9149
CHEMBL1909383	9149
CHEMBL206010	9149
CHEMBL260417	9149
CHEMBL261129	9149
CHEMBL269883	9149
CHEMBL306865	9149
CHEMBL359963	9149
CHEMBL359999	9149
CHEMBL361894	9149
CHEMBL365248	9149
CHEMBL409892	9149
CHEMBL446024	9149
CHEMBL458865	9149
CHEMBL468963	9149
CHEMBL476259	9149
CHEMBL477069	9149
CHEMBL495696	9149
CHEMBL506153	9149
CHEMBL513330	9149
CHEMBL513897	9149
CHEMBL1794073	6098
CHEMBL187081	6098
CHEMBL1882194	6098
CHEMBL188381	6098
CHEMBL1888586	6098
CHEMBL1895450	6098
CHEMBL1909358	6098
CHEMBL1909359	6098
CHEMBL1909360	6098
CHEMBL1909362	6098
CHEMBL1909381	6098
CHEMBL1909382	6098
CHEMBL1909396	6098
CHEMBL1956068	6098
CHEMBL251549	6098
CHEMBL306865	6098
CHEMBL359963	6098
CHEMBL359999	6098
CHEMBL361894	6098
CHEMBL372474	6098
CHEMBL373751	6098
CHEMBL450071	6098
CHEMBL456252	6098
CHEMBL458415	6098
CHEMBL458865	6098
CHEMBL463931	6098
CHEMBL467581	6098
CHEMBL468963	6098
CHEMBL476259	6098
CHEMBL477069	6098
CHEMBL479079	6098
CHEMBL495696	6098
CHEMBL505915	6098
CHEMBL511765	6098
CHEMBL513897	6098
CHEMBL514261	6098
CHEMBL1794055	4140
CHEMBL1794065	4140
CHEMBL1794066	4140
CHEMBL1794068	4140
CHEMBL1909349	4140
CHEMBL1909375	4140
CHEMBL269883	4140
CHEMBL373751	4140
CHEMBL458865	4140
CHEMBL476259	4140
CHEMBL477069	4140
CHEMBL1516890	4916
CHEMBL175321	4916
CHEMBL176857	4916
CHEMBL1794055	4916
CHEMBL1794056	4916
CHEMBL1794057	4916
CHEMBL1794058	4916
CHEMBL188381	4916
CHEMBL189353	4916
CHEMBL1909365	4916
CHEMBL1909368	4916
CHEMBL1909369	4916
CHEMBL1909396	4916
CHEMBL222419	4916
CHEMBL247228	4916
CHEMBL261849	4916
CHEMBL269827	4916
CHEMBL270544	4916
CHEMBL271595	4916
CHEMBL272165	4916
CHEMBL272414	4916
CHEMBL273564	4916
CHEMBL373751	4916
CHEMBL396107	4916
CHEMBL405042	4916
CHEMBL409892	4916
CHEMBL495696	4916
CHEMBL588025	4916
CHEMBL1895450	4058
CHEMBL1909349	4058
CHEMBL1956068	4058
CHEMBL241517	4058
CHEMBL260417	4058
CHEMBL261129	4058
CHEMBL450071	4058
CHEMBL456252	4058
CHEMBL458415	4058
CHEMBL458438	4058
CHEMBL458865	4058
CHEMBL463931	4058
CHEMBL467581	4058
CHEMBL476259	4058
CHEMBL477069	4058
CHEMBL505915	4058
CHEMBL511765	4058
CHEMBL513897	4058
CHEMBL514261	4058
CHEMBL517171	4058
CHEMBL588025	4058
CHEMBL1794055	84446
CHEMBL1794067	84446
CHEMBL1794068	84446
CHEMBL1794069	84446
CHEMBL1794070	84446
CHEMBL1909383	84446
CHEMBL1956068	84446
CHEMBL222419	84446
CHEMBL260417	84446
CHEMBL271595	84446
CHEMBL272028	84446
CHEMBL306865	84446
CHEMBL373751	84446
CHEMBL409892	84446
CHEMBL473629	84446
CHEMBL66292	84446
CHEMBL1794055	4593
CHEMBL1794067	4593
CHEMBL1794068	4593
CHEMBL1794069	4593
CHEMBL188381	4593
CHEMBL189353	4593
CHEMBL1909365	4593
CHEMBL1909368	4593
CHEMBL1909369	4593
CHEMBL1909372	4593
CHEMBL1909374	4593
CHEMBL1909383	4593
CHEMBL1909396	4593
CHEMBL222419	4593
CHEMBL247228	4593
CHEMBL269883	4593
CHEMBL271595	4593
CHEMBL273564	4593
CHEMBL373751	4593
CHEMBL396107	4593
CHEMBL463931	4593
CHEMBL468963	4593
CHEMBL479079	4593
CHEMBL588025	4593
CHEMBL63728	4593
CHEMBL1885746	23235
CHEMBL1909352	23235
CHEMBL1909381	23235
CHEMBL1909383	23235
CHEMBL1956068	23235
CHEMBL206010	23235
CHEMBL237347	23235
CHEMBL306865	23235
CHEMBL373751	23235
CHEMBL1789963	6725
CHEMBL1794050	6725
CHEMBL1794052	6725
CHEMBL1794053	6725
CHEMBL1909358	6725
CHEMBL237347	6725
CHEMBL1794055	57787
CHEMBL1794065	57787
CHEMBL1794066	57787
CHEMBL1909349	57787
CHEMBL1909375	57787
CHEMBL269883	57787
CHEMBL272028	57787
CHEMBL373751	57787
CHEMBL409892	57787
CHEMBL1096626	9891
CHEMBL175321	9891
CHEMBL1789961	9891
CHEMBL1794055	9891
CHEMBL1794060	9891
CHEMBL1794068	9891
CHEMBL1794069	9891
CHEMBL1794070	9891
CHEMBL1794073	9891
CHEMBL187081	9891
CHEMBL1882194	9891
CHEMBL1909349	9891
CHEMBL1909362	9891
CHEMBL1909382	9891
CHEMBL1909383	9891
CHEMBL1909399	9891
CHEMBL1956068	9891
CHEMBL222419	9891
CHEMBL251549	9891
CHEMBL269883	9891
CHEMBL270544	9891
CHEMBL271595	9891
CHEMBL271843	9891
CHEMBL272026	9891
CHEMBL272028	9891
CHEMBL272165	9891
CHEMBL272414	9891
CHEMBL306865	9891
CHEMBL359999	9891
CHEMBL361894	9891
CHEMBL373751	9891
CHEMBL409892	9891
CHEMBL410072	9891
CHEMBL443563	9891
CHEMBL458865	9891
CHEMBL468963	9891
CHEMBL476259	9891
CHEMBL477069	9891
CHEMBL480382	9891
CHEMBL495696	9891
CHEMBL513897	9891
CHEMBL514162	9891
CHEMBL514499	9891
CHEMBL520037	9891
CHEMBL185962	10110
CHEMBL1909363	10110
CHEMBL1956068	10110
CHEMBL220465	10110
CHEMBL1096626	5613
CHEMBL1096634	5613
CHEMBL1794065	5613
CHEMBL1794066	5613
CHEMBL1909349	5613
CHEMBL1909350	5613
CHEMBL1909363	5613
CHEMBL1909375	5613
CHEMBL1909384	5613
CHEMBL220465	5613
CHEMBL374453	5613
CHEMBL384073	5613
CHEMBL427058	5613
CHEMBL441702	5613
CHEMBL506153	5613
CHEMBL1794067	4750
CHEMBL1794068	4750
CHEMBL1794069	4750
CHEMBL222419	4750
CHEMBL1794055	4139
CHEMBL1794065	4139
CHEMBL1794066	4139
CHEMBL1794068	4139
CHEMBL1909349	4139
CHEMBL1909375	4139
CHEMBL269883	4139
CHEMBL271595	4139
CHEMBL272028	4139
CHEMBL373751	4139
CHEMBL409892	4139
CHEMBL410072	4139
CHEMBL476259	4139
CHEMBL477069	4139
CHEMBL1794055	51765
CHEMBL271595	51765
CHEMBL409892	51765
CHEMBL1096626	83942
CHEMBL1794065	83942
CHEMBL1794066	83942
CHEMBL1895450	83942
CHEMBL1909349	83942
CHEMBL1909363	83942
CHEMBL1909375	83942
CHEMBL220465	83942
CHEMBL269883	83942
CHEMBL373751	83942
CHEMBL450071	83942
CHEMBL456252	83942
CHEMBL458865	83942
CHEMBL463931	83942
CHEMBL476259	83942
CHEMBL477069	83942
CHEMBL511765	83942
CHEMBL513897	83942
CHEMBL514261	83942
CHEMBL517171	83942
CHEMBL1895450	23617
CHEMBL450071	23617
CHEMBL456252	23617
CHEMBL458865	23617
CHEMBL463931	23617
CHEMBL476259	23617
CHEMBL477069	23617
CHEMBL511765	23617
CHEMBL1794057	23178
CHEMBL1794068	102724428
CHEMBL1794073	102724428
CHEMBL1909352	102724428
CHEMBL1909354	102724428
CHEMBL1909381	102724428
CHEMBL1909383	102724428
CHEMBL1956068	102724428
CHEMBL218088	102724428
CHEMBL218859	102724428
CHEMBL218932	102724428
CHEMBL220243	102724428
CHEMBL222419	102724428
CHEMBL237347	102724428
CHEMBL241517	102724428
CHEMBL251549	102724428
CHEMBL263796	102724428
CHEMBL269883	102724428
CHEMBL373751	102724428
CHEMBL374060	102724428
CHEMBL479079	102724428
CHEMBL514499	102724428
CHEMBL1789963	2870
CHEMBL1895450	2870
CHEMBL456252	2870
CHEMBL463931	2870
CHEMBL476259	2870
CHEMBL511765	2870
CHEMBL63728	2870
CHEMBL103115	9448
CHEMBL175321	9448
CHEMBL1789961	9448
CHEMBL1789963	9448
CHEMBL1794050	9448
CHEMBL1794052	9448
CHEMBL1794053	9448
CHEMBL1794055	9448
CHEMBL1794056	9448
CHEMBL1794057	9448
CHEMBL1794058	9448
CHEMBL1794059	9448
CHEMBL1794073	9448
CHEMBL187081	9448
CHEMBL1880739	9448
CHEMBL188381	9448
CHEMBL1888586	9448
CHEMBL189353	9448
CHEMBL189459	9448
CHEMBL1909351	9448
CHEMBL1909359	9448
CHEMBL1909360	9448
CHEMBL1909383	9448
CHEMBL1909397	9448
CHEMBL1909404	9448
CHEMBL194062	9448
CHEMBL1956068	9448
CHEMBL202891	9448
CHEMBL205158	9448
CHEMBL206010	9448
CHEMBL206544	9448
CHEMBL208437	9448
CHEMBL241517	9448
CHEMBL260417	9448
CHEMBL261440	9448
CHEMBL269827	9448
CHEMBL269883	9448
CHEMBL270054	9448
CHEMBL271594	9448
CHEMBL271595	9448
CHEMBL271843	9448
CHEMBL272026	9448
CHEMBL272414	9448
CHEMBL306865	9448
CHEMBL359999	9448
CHEMBL361237	9448
CHEMBL361894	9448
CHEMBL362155	9448
CHEMBL365297	9448
CHEMBL365663	9448
CHEMBL373751	9448
CHEMBL381948	9448
CHEMBL405021	9448
CHEMBL405042	9448
CHEMBL409892	9448
CHEMBL419903	9448
CHEMBL458865	9448
CHEMBL468963	9448
CHEMBL476259	9448
CHEMBL477069	9448
CHEMBL480382	9448
CHEMBL495696	9448
CHEMBL513897	9448
CHEMBL514162	9448
CHEMBL581096	9448
CHEMBL66292	9448
CHEMBL1096626	100533105
CHEMBL1096634	100533105
CHEMBL1794065	100533105
CHEMBL1794066	100533105
CHEMBL185962	100533105
CHEMBL1909349	100533105
CHEMBL1909363	100533105
CHEMBL1909384	100533105
CHEMBL220465	100533105
CHEMBL506153	100533105
